-3.3756154177344637,3.632363144292078,1
-3.618828071590442,3.7862789161461685,1
-3.4855299327668035,0.4641208421417051,0
-2.4221839380635966,2.1017769755613402,1
-2.1272352501840808,2.142973208602746,1
0.6567975037219688,-0.3512453412978762,2
-3.769733660681959,1.6885231814114459,0
-5.241004524643699,3.5758672391188675,0
-2.2894285156247896,-0.05719773794182981,0
0.2864494087084217,1.0330416161546208,2
2.997770642281352,-3.1275434148386245,2
0.7466739152955892,-0.8466725857283603,2
-3.119123579209402,1.104976377840206,0
0.8478571503766619,-0.3997959508648482,2
-3.4586113146501534,1.626908779981151,0
-0.9555876864347036,0.3882783551130613,1
0.9919285005272636,-0.28263728073938155,2
1.0123238667008758,-1.3471545380996668,2
-3.204891505036908,1.0738931281684074,0
-2.367211382653947,0.5132514915046036,0
-3.1305911383901357,0.6865850079116322,0
1.3885303846041286,-1.4453422413392834,2
-3.476055749306802,1.5563479716826838,0
-2.24359887098587,2.2231943131730034,1
-2.0869367180578786,-0.7135412638701082,0
-3.093383933496244,3.1866968528462123,1
2.2607019739185663,-2.6338053592709016,2
-2.3131459597769135,2.1979187952711916,1
1.3016947065439113,-1.58233279933111,2
-2.5539092468649796,-0.1842466617808709,0
-2.805375495683454,2.4277067540177093,1
-3.0623991604725416,0.44613626113569715,0
-2.9787840859624874,2.7440409283248592,1
1.677890354490891,-1.2101155878602357,2
1.2322433609364223,-1.1837902487519465,2
1.1689172298228683,-0.7861250190590396,2
1.3718903538829605,-1.8000023185538454,2
-2.9027123830914965,2.9774691373542237,1
0.7172562925624328,-0.5556495119455515,2
-3.66733753364063,1.9210582297355008,0
-4.468351235199732,2.4485411031033246,0
-2.937150415263382,0.9856219043951797,0
-2.769270609067561,2.3060048699426776,1
-3.241143377331531,3.0998322595218264,1
0.6738060086082035,0.06895652365120575,2
-2.5465585531136052,0.23658759575797994,0
0.16384137993964992,0.19415582639629692,2
-3.7648766537163327,1.271242906505396,0
-2.7249365993692964,2.3077220968584466,1
-1.7848571170468377,0.9445266264120769,1
-1.7166761167707838,1.4276462405596293,1
-2.887894538537799,3.1344977273227954,1
-3.1253125259498766,1.2070844173481925,0
-3.553137663976022,1.1322881094136328,0
-3.6001218400094603,4.325783793709471,1
0.8709314493733897,-0.8349697067480788,2
-2.871360799707151,0.6210232343398401,0
-3.6042136497441413,4.134365676681683,1
-2.097072812579526,1.7116817145829297,1
-3.359288527726573,3.053042475646382,1
-2.1778331130525546,1.9824964357681232,1
-3.885900321918775,1.7259306220106936,0
-2.27421548300656,3.011313344201044,1
1.8307411872647863,-1.6423042759067168,2
-2.195527657092391,2.3427391773841624,1
-2.741979658782762,2.800174027537143,1
-3.089998986054126,0.7913353908120255,0
1.0382920252418817,-0.5102840588016593,2
-3.081040547361034,2.86306929689896,1
-2.3136285852145226,2.6940681880340254,1
-2.5889402773550048,2.405603780506467,1
-3.255668833693349,3.126609032990903,1
-2.9786873244849352,3.1082034685450806,1
1.5851051256740603,-1.8164843536606265,2
-2.9256883378143868,0.7966296835948672,0
-2.1684241458912275,2.440357854426045,1
-2.471868120882597,2.7948951020891295,1
-0.45128152127300153,1.2977562165043872,2
1.1512832563842066,-0.6878531159320574,2
-2.7420326931734222,2.803024686717934,1
-3.0474182400138763,0.8129184125226194,0
-4.160938657556421,2.6949064265560945,0
-2.2470172567028586,1.693480534492126,1
0.29007521955991106,0.14630533134916568,2
-3.4040357140082964,1.5692482404452175,0
0.9618033527879698,-0.9245794538178813,2
1.5227787974040683,-1.2244175391708767,2
-3.299996468225292,0.9298854729341004,0
-4.199504524745081,2.7919347629259073,0
-3.866219437985274,2.0573395996751582,0
2.5440902279023447,-3.3281757117641897,2
-4.348184385448439,4.814721699870755,1
1.0751446219143432,-0.9242247615398593,2
0.5547893860049016,0.24889485513356902,2
-3.5005735635602773,3.5527157777566813,1
-3.9826740844383073,4.186504362188498,1
1.5174594854748347,-1.3621938683491994,2
-2.2977232397483927,2.5482261227499996,1
-2.2832769145770397,2.142664445417003,1
-4.41532899248236,2.8680897942270134,0
0.8625926209819759,-0.557219578557505,2
-1.8135222119842171,-0.49321082844993747,0
-3.866672530703139,1.6788585971517893,0
-2.712579751253408,2.940721543845413,1
-3.107947221235427,0.3307367353780828,0
0.45138236434175105,-0.4721558983143798,2
-3.0144555642504707,3.981671442556321,1
1.0609348816066446,-1.096324485443064,2
-2.760572558633287,0.17995496264928867,0
-2.5315259320435164,2.1811539398648114,1
0.23448802357596066,0.022083031074730086,2
-3.9423195766219457,1.5509546390230247,0
-2.966257272532296,0.54941037888001,0
-2.85579575970254,0.15818311007151564,0
0.05591742871496164,0.8843051513999064,2
-1.291063908686321,0.889534583032923,1
0.8142381898453565,-0.6633300981635504,2
-3.4878144135717983,4.275748503060884,1
-2.5435444323609726,2.622059309523449,1
-4.399009764059456,2.8065682655217077,0
0.8566768009874767,-0.6620837639995811,2
-3.8639574581243785,4.627872082270725,1
0.6557581171750029,0.021643843305162003,2
-2.3316756955228883,0.09541827588087326,0
-1.982642920873485,1.5198065689964517,1
1.2950003621811539,-0.9768724417659482,2
-3.7013818236685996,4.5276839251200816,1
-2.109454489122983,1.6761954763827314,1
1.9342285765302056,-1.9509968668185753,2
-4.323411792386702,2.354172021739848,0
-3.0779375876888277,0.38086536577264063,0
1.8920969731686506,-2.4970923376458263,2
-1.7897793513357967,-1.5480787719212916,0
0.32047611528045916,0.2128998627828539,2
-2.0244053859908386,2.1487864143931987,1
-3.11472763110471,3.442714794959157,1
-3.2205432600243133,1.3987602075113386,0
1.3640447211515796,-1.2861804850300276,2
0.23693119030590581,0.1951937751584666,2
-3.271668383078299,3.245330005581652,1
-3.395978617989212,3.881327131916939,1
-3.084958086610487,3.6026990917751283,1
-2.969386264186873,2.7177766738854117,1
0.24017713989660938,0.655241020559248,2
-1.9185419395568375,1.5284615127063883,1
-3.501636992855116,1.8602194150891176,0
1.846042779539125,-2.2741687396068615,2
-2.6362464227210585,2.788495886132441,1
-3.039200887098814,0.3943643205106513,0
0.7369003088826619,-0.74244769746312,2
-1.7998580216376687,1.092632798214372,1
-1.7859378295758919,1.3982602378396396,1
1.63111263382516,-1.7797631751060436,2
-3.4204220910060874,1.3605409784228693,0
2.086287874771115,-2.0886330785175535,2
1.6140913897003606,-1.6383361836734098,2
-3.1894943104871945,1.1488255105222445,0
1.7439723986074682,-1.8859411193172093,2
-2.7507427503046196,0.4706281976451461,0
2.08111618136293,-2.1647876198736653,2
1.4735331195397352,-1.4005226671696105,2
1.301265570376496,-1.687734527581239,2
1.0924254508897153,-1.4031873883891115,2
0.6979553561264218,-0.43530244636659154,2
-4.835827842558325,3.211480471822606,0
-2.8865531354057192,0.6672643329637147,0
-2.2245881296595007,2.6054527880178595,1
-2.4325466432489615,-0.7001239696115213,0
-3.208666852225199,1.2884519657197844,0
-3.407645317315953,3.629308923046054,1
-4.450780856562071,2.969224915619833,0
-2.7929257787539212,1.1983017961100688,0
-1.932833725690387,1.5633563622543356,1
0.8923700733110673,-0.4007265034763756,2
-2.167455195052253,2.134622175711266,1
0.9970791255627846,-0.9101302987262709,2
-2.9557078737124063,0.8377507080189508,0
-2.648656786174286,2.854541782288625,1
-2.8265755344088905,2.6359563800417045,1
-3.055321895461842,3.1213201600178313,1
-4.427555714242161,4.173091396353052,1
-3.1537955871263414,0.6973990057075525,0
0.5175238257787206,-0.19863812184147045,2
-1.9884182480332455,1.7226256825768744,1
-3.7537793916170985,3.915931729187465,1
-3.581665019518307,3.639161044034011,1
-2.2718565647012396,-0.16515059764203688,0
-4.101469099230464,4.496639469955158,1
-1.9970582340138818,2.267700467767917,1
-1.5426695733234566,1.233492038579732,1
1.5453968015451551,-1.5910117780794302,2
-2.5831701199853785,2.6944825837859407,1
-2.870032931800865,0.8355631049049181,0
-2.5548801792983005,3.12661279652452,1
1.3066417979592104,-1.3933972137596413,2
-2.618002286241935,0.23382802169459183,0
1.2469212845031694,-1.6292135663584801,2
-3.0460617824723037,3.2552535629913373,1
-3.826035528888788,1.4050889763832464,0
0.7452670445115437,-0.6423497133252293,2
-3.1721905422452252,1.5288113279816344,0
1.2839314445481878,-1.490466201061491,2
-4.340219663198959,4.422240345476902,1
-2.5962569778011777,0.15640606732206752,0
-2.6836151541378976,0.606655584902521,0
-0.07231135820515011,0.8455242672247855,2
-3.473653620319731,3.6961879390913013,1
-2.9638156422651236,0.7715718414636639,0
-4.116185279954718,1.7180825357356655,0
-2.5836882811087394,2.890175547501581,1
1.650498640855623,-1.4388193726854772,2
0.34205541527913563,0.08674923081621733,2
-3.1349020594582027,2.878084108322537,1
-3.504434364694365,1.4030382722890087,0
0.6389993970187178,0.030699352584987016,2
-3.35880649613631,3.6493252942390435,1
-3.5965832615622673,4.22801394705166,1
-3.484131418579933,3.576972124250462,1
-2.731455508238787,0.8177511348779714,0
-2.500780415538566,1.7917471530711613,1
0.6361330368636946,-0.267700128356813,2
1.1857922949607234,-1.2756363222281024,2
-2.5659896677112917,-0.2205243455534882,0
1.1091314897591906,-0.9493568980646314,2
0.31246018325913794,0.10427769767194117,2
-1.7531484934605188,1.727909142984606,1
0.9255418809320006,-0.785312366951066,2
-3.327274895055614,1.3918794178404896,0
0.6445572935372907,-0.277102377028985,2
1.9787574345126568,-2.917560455993655,2
-2.829428238408701,2.388844540201138,1
-3.052283793970603,3.656706333061128,1
0.13329654357363135,-0.2636280130054463,2
-2.51851192173754,2.2436849404001284,1
-1.956547429028778,1.977954003875236,1
-1.9799849324551473,1.472400866204184,1
-2.8679366299120175,0.21947357264871847,0
-2.5707044024050254,0.22674834349469464,0
1.0552116580321125,-0.8487079026291342,2
-3.4193074099926735,3.8577535055071617,1
0.8470740205532248,-0.37789930322770526,2
-2.3458939098420597,2.528465807433183,1
-2.029713553825892,1.6740834739505084,1
-3.3421443677976375,0.8921153840647413,0
-3.159607834510037,0.8026990476465992,0
1.294800491386881,-0.5321186592322256,2
0.889060800591461,-0.7445276256822955,2
-3.615116917991281,1.2328236244274615,0
-3.1888497255915955,3.7949060249216213,1
0.7823580218699223,-0.5777467623982171,2
-3.23539470086042,0.5922566664196314,0
-3.2778961566905314,0.3981819728110043,0
-3.2137188926437092,1.3067531821158211,0
-3.004645242902777,0.4893596000468552,0
-2.5842403139683117,-0.08111707002708712,0
-2.777272743232528,-0.24006659195369195,0
-2.2567821551882354,-0.24987764003156254,0
-2.5583984067175063,2.5141968559110963,1
0.9073424241719381,-1.2826507764026964,2
-3.0216837428695955,2.859854240076552,1
-2.6205751459137625,0.4229912485524503,0
-2.2986804022631664,2.213295148612557,1
-2.048497237003667,-0.7378547605362806,0
0.7122106869704365,-0.03294345147164779,2
-2.3686705761780136,0.04776724739148808,0
0.7634537505594042,-0.7362993313165056,2
-2.5192833422527094,-0.3609847577103631,0
-1.8418490997749926,-0.4478699923076146,0
-2.2540365792370554,2.4753059314524153,1
-1.929961719027695,1.4667865691307158,1
-3.3268712430192524,1.0171251697450412,0
0.30790609130119684,0.16995130660675706,2
-3.1947828507595943,0.46337878183100223,0
1.2765458991314074,-1.1752736098652625,2
1.464795722468909,-1.0076909032156656,2
-2.9750584726287532,2.721383064371036,1
-2.5199696977343136,2.4678247136899882,1
-4.0489842828066624,1.9709410432261043,0
-2.175611132899442,-0.0780315254816184,0
-3.378023862015327,3.1435928312794372,1
-3.7010295476658492,1.104290719998005,0
-3.0722951010795674,0.7097614983439886,0
-2.4148831471996197,0.27835849667755497,0
-3.217165032434813,4.0026514525117385,1
-2.8741019644160977,3.0039031623008143,1
0.11597880152629397,-0.05363614669360167,2
-2.8057609958232317,2.5174951394323655,1
-2.356887415503828,2.4359458202440902,1
-2.2465879399927213,-0.32295473064917957,0
-2.55110163568477,0.4862840065591181,0
-1.669386207167083,0.6367776650687795,1
-2.6421578591438384,0.40488240871034886,0
1.5527946054531954,-0.977156396320257,2
-3.286770952600901,3.770611270360072,1
-2.489608971846347,2.3620481172182193,1
-3.7283933871420674,1.6131373421879438,0
-2.8062931192056713,0.902227429619014,0
-3.316923927885789,3.352788584235691,1
0.7599957919768408,-0.3442501313530054,2
-3.2446947123543968,1.6967237662883958,0
-0.2400008993258898,0.8772396761875347,2
-2.8091586954295305,2.9335692909422635,1
0.6256989101503885,-0.4126519505425686,2
-3.812493370418989,4.20701804005731,1
-3.1388387576977057,3.236299623784694,1
-3.436738416407796,1.6072368987451142,0
-2.0945365470364945,-0.32383963995123555,0
1.2271598394673062,-0.6418042557364785,2
-3.756283648450543,1.331810762978204,0
1.4764972137529349,-1.8049649511187837,2
-1.3339845694664263,0.8099032024510358,1
3.2187061068254024,-3.971612339697309,2
-2.215017984958304,-0.33010041393310807,0
-3.3450627501971297,3.844594294675413,1
0.9621234264441637,-0.9750413754539491,2
0.9472101436785457,-0.9177740294173085,2
-3.5725036671283554,1.7666585244788835,0
1.3876478705644524,-1.568674094660402,2
1.333734725483349,-1.4657637871078188,2
1.1901291066681565,-1.279938705582739,2
-3.405092093435004,1.2052647714206008,0
-2.697158221451413,3.138090044606885,1
1.9782781820283633,-2.2208669706126534,2
-2.020015883677297,-0.8063541964811627,0
0.3612413383695986,-0.38138898081854766,2
-0.13538856405209387,0.9416262478659451,2
-2.018931979252522,-0.6067135764393949,0
1.3329703782299318,-1.9455394173004612,2
-3.897286473143967,1.971079049645005,0
-2.7558736746662422,0.5637126473137775,0
-0.16337578274395864,0.6726128640349587,2
-2.076523069384176,2.1402338454500147,1
-3.7007661085750185,1.7101398953053595,0
0.8557412098152923,-1.0324588959912862,2
-3.4965543567975494,1.5078615072648387,0
1.3544428265160353,-1.131341175392429,2
-2.4763846507279546,2.1624106525398026,1
-2.2834740754160543,2.07859910946849,1
1.3276169964325044,-2.3732609511124156,2
0.345975640098937,-0.3915744285157293,2
-2.4265535465260246,2.084133493603087,1
-2.6965537222459792,0.10841548361891196,0
-3.334696095625382,1.2415556116774482,0
2.187439040271171,-2.192113149153294,2
-4.052103926478239,2.369251693449155,0
-2.505108327563036,-0.03879004132118702,0
-2.3445193323510765,0.2998839529014097,0
-2.4327466203489814,0.003427353705623304,0
-2.690445636544561,0.6784976807366192,0
-3.3392751623517856,3.818573139358521,1
-1.313961372300609,1.037229913506658,1
-1.5447885083904644,0.6959327161816344,1
-1.4692290602913656,0.9164396612388366,1
0.8860206409206861,-1.1176330301970339,2
-2.855809466107436,2.9700612193737586,1
-3.7315120057503384,1.2494921533377363,0
1.1748605505695633,-1.240958148480394,2
1.9065931080195075,-1.934145282227884,2
-3.703416061662164,2.020942031718944,0
-3.0046222375279776,3.29864543424919,1
-2.846671059682216,3.091588552435404,1
-3.4261378333038066,1.3577131590725235,0
-3.219862483671914,0.924808195035614,0
-1.7574916694215954,-1.085807465243585,0
-3.2203847121275797,3.116314284203948,1
-2.8655427623118928,3.278977272092617,1
0.14681731085291266,0.2893792605948525,2
-3.5423118754641107,2.064027773356885,0
1.2159488625529102,-1.0489198327759897,2
-3.344659145668508,1.1587554171432437,0
-3.9456198833553398,1.2415677910656866,0
-3.353503440941284,1.2465253561401735,0
1.1467082723181252,-1.289801247914452,2
0.4858642466309582,-0.2780632189122051,2
-2.5823248091090587,2.810457447521368,1
-0.17504618996430837,0.7547404235719468,2
-2.3176738557732404,2.627330510737565,1
0.05161424120460156,0.6890485203409479,2
1.7426585623802313,-2.1297803254343552,2
-4.3869987701990185,2.369493874501919,0
0.19421449160673443,0.33165467684200245,2
-2.4265032396572677,-0.24963741602721345,0
1.2030793708587608,-1.1957398645611461,2
1.1225292466284782,-1.0472061398370947,2
1.017206849835738,-0.2681428079012902,2
0.6655441968118738,-0.8200424198150763,2
-2.739855089446268,2.583674189189275,1
-1.4239404957263329,-1.393001924209944,0
-2.029559852810925,1.7390969550215445,1
-3.079142650300403,1.19960836369859,0
-2.744367070020826,0.544724334655398,0
-3.009003100331179,2.801937106337792,1
1.0966724778163424,-0.5673986964944866,2
-2.1066861076459156,-0.29351807553442555,0
-4.269602010706835,2.6474706044515646,0
0.835091053652329,-1.3560642230220057,2
2.355243270361617,-1.9943820486091948,2
0.45906129180910515,-0.39654262429994314,2
-3.5578767002345906,3.493408612353631,1
-2.904623173948388,2.8078855988172933,1
-2.9894464225151633,0.9146094446308686,0
-2.531847759069899,0.4066719745165148,0
-3.000501610227442,0.9985737391988803,0
-1.6879231791564893,-1.532309497527387,0
0.6086198877358316,-0.6460680568165429,2
-3.301728565689728,1.0290382226348918,0
-2.9565255003614124,1.1507440956845638,0
-3.858133343458051,1.6835762024678802,0
-3.117636573169537,0.550697487276695,0
-3.7856081754179116,1.6523365702935573,0
0.07708476716388973,0.3584407004582434,2
-3.586341061834119,1.3092939414259464,0
-4.016014076368838,4.861242310700975,1
-2.239588636024008,1.7897824548889583,1
-0.07429050487701244,0.5606208169775866,2
-3.4692524575862485,1.2304720919457584,0
0.6557159607992371,-0.4344800025500622,2
1.3659620319756214,-1.1441340504137667,2
-3.292842487533565,3.0853673215955557,1
-4.125047597531987,1.5898558372605986,0
-3.6882910493162884,1.3601916193302444,0
-0.1354402915522953,0.8046354959027779,2
0.6765676660856965,-1.0990821745421773,2
-2.922834198298949,0.7467853455307276,0
0.5883644427731269,-0.0852743163686911,2
-0.19343681041236793,1.1090932640615643,2
-2.4551918491262694,0.3857700215202078,0
1.9372247197783738,-2.052391056501815,2
0.403168769674193,0.06045484842736604,2
-3.2550964599110155,3.5333409067578634,1
-3.642622266931288,3.8985558627549293,1
-2.5126342430997677,2.1272435178499247,1
0.9900499392455495,-0.44118540834881004,2
-2.2947906818136627,0.04907551329908966,0
-2.2905673781030282,2.7889793460656658,1
1.8086389043103945,-1.8670292889147533,2
-3.3156423619667676,0.6560188384094454,0
-3.2050457266866603,3.4594421067289036,1
-3.5542923336210728,0.9373791216167966,0
-3.194227578578598,2.9295053716731094,1
-0.21321875628342069,1.0208931656262696,2
-3.879167359735707,2.121501176333512,0
-3.914809079523593,2.0684285171722516,0
-3.4762294598629877,1.6940688853183898,0
-1.326997833342775,1.2144853255936718,1
-3.3296168086023794,3.7853928714960485,1
-3.33238477073733,1.6910527663467105,0
0.6692401341857516,-0.4289382511033135,2
0.13677079792669145,0.47581522342289917,2
0.9457813346396701,-0.7162023423568251,2
-4.036297112603708,4.4321629456627,1
-2.601912278670839,-0.16392068258386772,0
-3.2147032562627764,1.2955190471398699,0
-2.260073610631494,-0.6289510345318412,0
-3.0946158077750674,3.557602835082097,1
-2.0858094830523393,2.0583579171627084,1
0.9776323023716789,-0.5406805427069354,2
-4.009522384690381,4.5991083932616545,1
1.7563086289529775,-1.5216450477138752,2
1.0662693545082669,-1.2218348814697215,2
1.4044020219324875,-1.7817676005410465,2
-2.324584759171616,1.8642739761383287,1
-3.039592441182993,0.940281564229994,0
2.0588369198759713,-2.380971997476378,2
-2.839038299251172,0.3913109929304408,0
-2.145540022506398,1.7550026395967753,1
-2.3363432803636996,2.1222307447938364,1
-0.26292129827868677,0.47663622915660586,2
-2.8726809591575373,2.7602771143353113,1
0.5255809652274586,-0.1947015932685452,2
0.17268689808916876,-0.4664161496487446,2
0.9435887512011756,-0.5605584202297713,2
-3.1182812115756526,2.938816385583211,1
-2.810600992321113,0.49306623175441544,0
-2.684112652528929,0.08760062151079762,0
-1.565074434533957,1.1476586403501816,1
0.05931933995888017,0.8557793990998215,2
-3.1897490838334925,3.7871527069812094,1
1.8401790614622127,-2.1328834629125706,2
-2.543303947500057,2.6072004143700998,1
-3.542869535631593,4.189747926387825,1
-3.3414119321347715,1.2831576688452682,0
-2.81781548593861,2.79908989555838,1
-3.838145397815998,2.2602933353891044,0
-3.4644105742453766,3.441617842096344,1
1.9171945974385105,-1.9564151428116936,2
-4.507421127561548,2.570547908739062,0
-3.6557430425108883,1.9608081826597705,0
-3.341120784024644,0.9415736568206814,0
-3.0827149703950507,3.3645425606256065,1
-3.784558953510231,1.4195774228456894,0
-2.549990569368001,2.460245694633578,1
-2.8073969805046466,0.7082331186514566,0
-2.9295152679696685,0.29040536269382144,0
-3.2774544134731602,0.7673794763299764,0
0.4277037880712984,0.41457435702462564,2
0.9275900917341051,-0.6066361276823594,2
-2.6261557031960234,0.3182619372384057,0
0.055403059353581585,0.7527729241283637,2
2.3817912342833036,-2.754505744898298,2
1.075306158300992,-1.5771126388486523,2
-1.7853010187675662,-0.2860416834772397,0
-1.9414458398567387,-0.6103806079942586,0
-2.0582329479377077,-0.464863940882025,0
-3.9602559724918525,2.2036767341222423,0
0.3574601216019345,0.23875058708903873,2
-3.9616844925229793,1.9052921983451263,0
-2.125357151967015,1.7915000881298058,1
-3.1525004692551972,1.4323876771710964,0
0.8190036947368105,-0.5579765965925844,2
-2.3162475442241277,-0.19064070791100018,0
-1.520564067405806,1.0018574091210157,1
-1.999410374242992,1.4619654856928683,1
-3.431979435292842,1.6884930877914437,0
-4.213430516487941,2.713512740096379,0
-2.4163200510792198,1.9062344173479098,1
1.5469520760339077,-1.7763131607339517,2
-0.5781270188749437,1.3725135736578022,2
1.6181041998157881,-1.4994744382950151,2
-2.3019158666052504,1.927876953297714,1
-2.508474307004475,0.10381161653969251,0
2.415145269784469,-3.3981804581041626,2
0.7928679878819712,-1.0814980031760297,2
-1.8568959078043399,1.671205583259908,1
-3.713211172370805,3.8654249185017346,1
-4.455558482170484,2.7284413495646254,0
-2.1906672680044617,2.3553787821402308,1
1.7256518244329384,-1.2090177724317976,2
0.2627282710072347,0.24968384962923895,2
-3.283467618286696,3.2989469796492177,1
-0.08445158147150422,0.9540520030360164,2
-3.651428425027932,4.6484942867962005,1
1.4258593115354632,-2.131763002553823,2
0.9958665855479205,-0.8606028548958506,2
-3.6793944571524175,1.0000618860400392,0
0.6287035544840833,-0.0828899578083504,2
-3.1535955300351577,3.538648601598678,1
0.7903208007936878,-0.4199410947142401,2
-0.9052633421129541,0.511809707281842,1
0.9496025846539317,-0.640652210582493,2
-3.6583778724171605,3.564992925337249,1
1.2087214317590371,-0.7424861413404638,2
-2.845322444370133,3.864063181566035,1
-1.5326019552767276,-0.969495186661816,0
-2.7097847088909344,0.998240898689922,0
0.588320673266343,-0.699591172504324,2
-2.301048800571271,0.23003215515897502,0
-2.3422042911363583,0.0432542429695264,0
-3.980466869215264,1.9966313449201656,0
1.1029358684565316,-1.1044522752929733,2
-1.1497055892486165,1.0722287491995834,1
-3.2512261511419025,3.9081971616790567,1
-0.18366944481527825,0.8948660750262878,2
0.660568880833798,-0.2383387880221881,2
-3.319500093473559,1.063496854165729,0
-2.8332618442830317,0.6569325742284171,0
-2.917919848043063,2.511231568297517,1
2.081868464277792,-1.8624879495592253,2
-2.820787389871518,3.0600007806250087,1
-2.684682217403644,2.4763678030211844,1
-3.3728322781554,0.9199994578220565,0
-3.0422292210543906,3.1346429393122373,1
-4.0821614030612015,2.0022209241286237,0
-3.966334116250941,4.217750072656813,1
-2.333167458226348,-0.4165329390343926,0
0.9522617735895921,-0.3702744294279523,2
1.322327649629318,-0.811046978984193,2
1.555209151757766,-0.8373490298815884,2
-3.1963610159798796,3.0083092639315643,1
-4.29752030796533,1.9917345915961322,0
1.2737380305429347,-1.3117699715852413,2
-3.360461416081442,1.3583556943075408,0
0.378938893054385,0.15899440413647725,2
-3.0658794076324214,3.364610195516926,1
-3.6110205716593486,4.205121605777579,1
-3.7369283950294436,1.750986984591803,0
-3.442766537442975,3.1941725548188566,1
-3.56137731424017,3.8942407235790237,1
1.556821120125337,-1.345972528437481,2
-3.9285503890690006,2.355351061895095,0
-2.591330597909502,0.40452761072037013,0
0.09407842224331864,0.6324559866098198,2
-4.230871776450661,1.5529020100727058,0
-3.103728454868681,3.2440100476578824,1
-2.7323428174438495,0.25604655487907113,0
-1.8670650756508569,2.507830547596697,1
-2.660195593384084,1.0037733721861382,0
-3.1708175701692705,3.6249765924984763,1
1.2299488920844732,-1.0006182796218572,2
-2.4141408931068824,-0.0914695453122123,0
-2.722784951210863,0.29373250663986017,0
-2.625085326885758,2.6084574758713717,1
-2.5192321673732603,2.178659611243363,1
-3.797556453678005,1.9836413672061015,0
1.204103900702503,-1.1412439877831235,2
-3.0941921857486103,1.1785588997732654,0
-2.614029374516055,2.617774191183876,1
0.4203074352867404,0.1467687000933573,2
-3.0555757244210975,3.5149992423203527,1
-2.5015004445975086,0.5859695038649493,0
1.3006603368278964,-1.7611302815905745,2
-2.4133032830535854,1.902718787059563,1
-2.6242316023929098,0.2831073622729461,0
1.8149172919123226,-2.0465268112448283,2
-2.6186265270211564,0.736183391518598,0
-2.04844894517189,2.0874965021809544,1
0.11118577079075906,0.05074741434392788,2
0.35923779541135736,-0.46191267581872847,2
2.3055240083926467,-2.255269825392183,2
0.810421588858737,-0.9609371945718603,2
0.3598961974018571,-0.1413430013861517,2
-2.319108343622845,0.045464795180644835,0
0.8995312491300584,-0.7030702575590735,2
-2.8640896407635847,0.49409250316654596,0
-0.6919931682791529,1.158179311105133,2
-2.743239402779533,0.30347792281983565,0
2.583891130808372,-3.1811418223505594,2
-2.399186335688887,2.0363174630951653,1
-3.80510955457118,4.0358021864582545,1
1.9742587027690282,-2.3435925508407354,2
1.4466042469072988,-1.3569781332116106,2
-3.303439318274777,2.765756196146331,1
-3.6552565223355136,3.5531437075160612,1
-4.398343285985733,2.348145008680892,0
0.34680400409377804,-0.33404068408074594,2
-3.4783516196876847,3.603058392877811,1
-4.996937206111803,3.2639060488075495,0
-3.2488966838545466,1.6013196741487215,0
-2.066753418770019,0.4372477622973472,0
-2.4197166693602283,-0.43970733695604736,0
-3.180549883159831,0.9804117587135117,0
0.09688529961221082,0.3720610025119869,2
-3.7311933668367554,3.5475446631209264,1
-3.017213858593165,2.96765703234329,1
2.451773106198939,-2.438575599425373,2
-1.3756579607817783,0.5116971805917601,1
1.6729033964490876,-1.8954492612915783,2
-2.987692549705644,1.1729661347204008,0
-2.706073166135602,2.652351858241625,1
-1.796368138563852,1.3433358120466168,1
-0.48171542697463976,0.4394407260097722,2
-2.262716071160109,2.05856387188867,1
-3.928234997247084,4.5327538400216465,1
-2.2844863442195846,1.9020990597831564,1
-1.7332521473505653,1.2564294544579826,1
-1.591733243431869,-1.3789411166492807,0
-3.7308167285095077,4.250200682827867,1
-2.3199940763223426,2.0425989266790845,1
1.3082595875550331,-0.7627424448861293,2
-5.039398846339928,3.1213798679909197,0
1.5739513215169925,-1.0117657379989962,2
-2.816218501435058,0.3146594293184535,0
0.8814428075304771,-0.8983807870565699,2
-2.960640072263476,3.3848118628398316,1
-3.3582368880438316,0.8356885822763278,0
-3.2114737100390065,1.0591439083693306,0
-3.623264109757814,3.5158099732903434,1
-3.066852424355079,3.2836697770406778,1
-4.118544765392347,1.828034003919269,0
-0.41426862225406313,0.7137484209125774,2
1.416312739499875,-1.824312642502636,2
1.290280352586291,-1.3153713254891564,2
-2.641043330624939,0.4203731252693741,0
-2.0542780127253115,1.596741568286545,1
-4.727689501657136,2.958707562167181,0
1.611947947090775,-1.3687285708843229,2
-3.8314599388828112,4.345069462106538,1
-2.399188778102557,-0.14940493468412974,0
-3.691347811182723,1.852499101870709,0
-2.9418052724353494,3.2503314629649243,1
-3.518669249304787,3.265141383998153,1
-1.4771725149880468,0.7050308673061623,1
-2.6404021788556067,2.837613046823731,1
-2.858981812107091,3.0149798664999645,1
1.0093945659096315,-1.4362476027831979,2
-4.666265100760341,5.31928682684795,1
2.136384217025298,-2.2103691182653016,2
-3.384720839695323,3.2559121246037295,1
-3.466637713562567,3.653847478988739,1
-4.4719817364805445,2.3370503120354815,0
-2.1988017781395466,1.896904302959202,1
0.6492113935445506,-0.658423587717072,2
-4.159118839779739,4.920909054861749,1
1.1595815329990928,-1.0658614764964622,2
0.4131143162389197,-0.32241199018381084,2
-2.795053459041181,0.6806961445842585,0
-0.06897390908545464,0.8433723368324648,2
-1.8301584341561572,-0.7659384865918959,0
-3.946211193034116,4.1062969502427675,1
-1.6895002258608947,-0.774068312146408,0
1.9480275591684555,-1.5885102125490564,2
0.9934019616420391,-0.7279075102415854,2
-2.1718639128746426,-0.3612192566357306,0
-2.1343178715028044,2.047262418831857,1
1.3138730170873778,-0.7384132964220356,2
-4.032371194757175,2.1439664724654155,0
-4.15433553160255,2.002153063208035,0
-2.8917424883543013,0.6979480792292421,0
-2.9307251140387294,3.0261731221710564,1
-3.772072589755897,1.8118680353361811,0
0.4538468358201151,0.46587130334635973,2
-2.913104714455027,3.1709391966851337,1
0.9676565371694197,-0.5679029647022658,2
-3.561883075728863,1.540341463745733,0
1.0477938483620246,-0.9252852526369617,2
-4.42381123210094,2.75746794179841,0
-3.3095143288074924,1.1745495077482495,0
-2.2469807915921933,-0.24596873315446555,0
-3.6733215257605574,2.0108382623896612,0
-2.291374269956819,1.6342345149014652,1
0.26148720807385273,-0.02357078401524143,2
-3.400835112758267,1.0339127701569417,0
-3.6464226306990533,3.4527101871376686,1
-2.12876860423974,1.7684230165212342,1
-2.4568052797976376,0.1479168357934979,0
0.7420591479758174,-0.3702537864822363,2
-3.4213612612196433,1.7931673157927772,0
0.5754077406981499,-0.0754660464015946,2
-3.0030275906879833,3.1459998995546914,1
-3.16176760906226,2.9910083479076386,1
-3.1101132316320217,3.351997544929022,1
1.4459957067599674,-1.301565641477127,2
-3.0090317690965334,3.7321211327198016,1
0.17655977868830874,0.333061101531712,2
0.8337703261915054,-0.5914412817397647,2
-3.3174600037983386,0.885675984803358,0
-3.800209096222327,1.9476546871543619,0
-3.108847391656184,1.1383060820833562,0
-2.5182815541547003,2.6744724222958403,1
-3.3621626126320603,2.1485392425493517,0
1.121261250588532,-1.1564668598231544,2
-3.6202724667781836,1.2607615981985374,0
-2.4506788289816486,2.6452034117452046,1
-4.02943409248709,2.3209191966685165,0
-1.8013989948035656,1.7033528172128385,1
-3.57322311946199,2.018548593591649,0
-0.5112911585366613,1.151156918065793,2
1.4469470448106132,-1.2012206552356617,2
-3.7663445706066794,1.8848130574744921,0
1.5835601053462183,-1.5923591478691783,2
-2.6096717917852885,0.3839817152047518,0
-0.2835723317614821,0.8404098911077942,2
-4.576290834714852,5.72036705744021,1
-2.5054147783055996,2.2587464486815487,1
1.6483911953895192,-2.0838148680289166,2
-2.9238586656323617,2.6728328503214107,1
0.5073399901109579,-0.5954581225394189,2
-3.1348242232217136,0.48454823166722694,0
-1.7704657965453523,1.8580598679584521,1
-2.2556073576418516,1.972339058948581,1
-1.784779773866831,1.2523337704691861,1
-2.374219283870674,2.3589078484687938,1
-3.097270656840299,0.8133398119872917,0
0.46636940984591857,0.258253158721822,2
1.3848164070439732,-1.5964412345715187,2
1.4967981627427256,-1.4609016352813595,2
0.5330897132389387,0.0064864916156746055,2
1.801388486413535,-1.4061397978845034,2
0.36244467676386494,-0.025342327437309575,2
-4.240806492265841,1.9288380820436402,0
-4.518897629665541,5.689277771196257,1
-2.7764127069831623,2.709689327125467,1
-3.1737672327590225,0.5001307963087056,0
1.3828515655751534,-1.3823431858394606,2
-1.957794421626813,2.25550176690627,1
-2.0338805660299792,1.2652072308460593,1
-3.865349155090579,3.966292108765447,1
1.5297717381114035,-1.1086309888558061,2
-3.273856426039987,3.3211215716444156,1
-3.3871678865051407,1.3407019837670937,0
1.5746884540895887,-1.4100927138444912,2
1.545527348520353,-1.5967149507396001,2
-2.364994374567895,2.288670152405046,1
-2.956936732063784,2.8310514763104875,1
1.7640553571551765,-1.20857528395636,2
0.8546225444174945,-0.6110350179854747,2
-4.811055165674475,3.0377976003739544,0
-2.7055991957136576,0.8079923614801219,0
0.69906058815977,-0.5558914113662994,2
2.1148766088000857,-1.9049490618695182,2
-3.566013654084531,1.2168997017289058,0
-3.2165626573660235,3.5511151121021847,1
-2.8074853085082676,2.5352894797669094,1
-3.3675790240373824,3.3802047610924597,1
-2.524753971192248,2.617838078812916,1
-3.0305395139435207,0.3790100275615673,0
-3.4107550576518637,3.6027783726336007,1
1.2402155897186011,-1.2058357304659388,2
-4.099110660645863,1.9116285604080074,0
-3.1711325827289287,0.7886587438055148,0
-1.3468748744537165,0.984311311677628,1
1.976768825660845,-2.133924865164544,2
-2.6368086129837884,0.8764228650854928,0
-3.13230063894301,2.6133586182754316,1
-2.888567324281915,2.377231864740076,1
0.7163030548500972,-0.9148265697623259,2
-2.597338210702232,2.415408604362902,1
-3.573593041751314,1.8011262857154344,0
-2.2400440611160373,2.591901013507659,1
-2.4953365233666136,0.4860241700938621,0
0.24996076907616532,-0.07445246974507952,2
0.6448219269631716,-0.3495606734328627,2
-3.79680774892651,4.327316292693834,1
-2.706131748083504,2.360901085956038,1
-3.339467010945708,3.4418633034728225,1
-2.488923580154015,2.1786703689294287,1
1.0686095555590691,-0.4865922004788108,2
1.6347272494137606,-2.153440008771331,2
-2.9915474388899046,3.301701997721829,1
-3.3317018950708936,1.4294572974029616,0
1.8656628071998154,-2.354454053369405,2
0.7706962565023621,-0.6221272070869959,2
-2.270802882561036,2.2946406323480466,1
1.564311878924427,-1.360083017831293,2
-1.334162331874047,0.8562711757236016,1
-2.0197231542569716,-0.3958588806677703,0
-2.6548371149587093,2.244620402952728,1
-3.9084953198955796,1.873335177880124,0
-3.072198896584388,3.0803966755256575,1
-3.531479696736099,3.9105217425401064,1
-3.2246401685470865,3.0396418695110796,1
-3.3708284986448036,3.3916634423211063,1
0.6364725438202894,-1.0080607437443974,2
2.166332362570069,-2.1872925438446624,2
1.7749421318967653,-1.682807337075979,2
-2.512869712781215,2.370602998232071,1
0.5935417500691161,-0.19320160374155348,2
1.34500195001947,-1.4355060062495064,2
-3.611718001864081,2.107298920870402,0
-1.1217766352265226,0.47282462898917754,1
-3.0164996390459224,0.5937161251850158,0
0.5652629257062012,-0.14894039637219358,2
-2.8953105371559396,2.879781193597778,1
-1.8208895140973769,1.3622148255258453,1
-2.203643964047278,-0.32176490228284127,0
0.3786818024778673,-0.7225762532457255,2
0.6804419347401646,-0.19944913607716286,2
-3.297968339733373,3.6194159258902636,1
2.1863345663818454,-2.766006046100558,2
-3.3109356579650573,0.5281789917709148,0
1.684531515958708,-1.9164324471895817,2
-2.3008527732048756,-0.0013767034164375858,0
-3.1246041888035463,0.8244585194475968,0
2.77546489531772,-3.0040282439013124,2
1.0088571971582267,-1.1875901443485666,2
-3.6390654506695777,4.050111836153238,1
-3.1489587490223316,3.4442324892053415,1
-2.6107188300430946,2.1764501467071553,1
-3.423315936184595,1.3781765527146161,0
-3.968041592624042,1.387309149145886,0
-2.408513439388659,1.907296393051514,1
-2.4489203497872074,2.5191507985660975,1
-2.7468867647641684,0.4760877314764622,0
-2.2278393331320783,1.7350548010834008,1
0.7097865115257814,-0.8282978741343933,2
-0.32577032912145815,0.9487711636312885,2
-3.317330955088565,1.6781819201214767,0
-2.9126525140279793,3.066231594063379,1
-3.121760437016723,1.0986027354757795,0
-2.4354042605123274,-0.22552741324075765,0
-3.419145751681244,1.7896522213090824,0
-2.5986252079955046,0.02112385017292162,0
-2.9175292389285743,3.4599492074662734,1
-1.8456407230134455,-0.01642390588992315,0
-3.1151267692866664,0.6757160826965904,0
0.7509461462107688,-0.47290627547740005,2
-2.667584361200734,2.6288384149265456,1
-1.9580236968535978,-1.1416621096658348,0
-2.5121722130850186,3.007359625681573,1
-3.1354117604047493,0.6924168416225571,0
0.8205704237130593,-0.3598766280633565,2
-2.468336487158756,-1.0565615172380598,0
-4.9746983431194955,3.341464509871617,0
0.3393215205357059,-0.15401367554057532,2
2.013967360984672,-1.7900960168410593,2
0.8506835238812798,-0.7490209930163031,2
1.7356723144816268,-1.7779656973154092,2
-2.794537237979307,3.2980008389934907,1
1.4172598344153986,-1.987436452810642,2
-3.536114166862605,1.7114067882240231,0
-2.362132171943486,1.8043568463362198,1
-4.338618658247842,2.94399222670609,0
-1.980649054448881,1.91302810400775,1
1.4845391127775533,-1.1279789128630209,2
-3.7545270544262555,1.7803338527993677,0
-3.598485786802279,1.3664210597796087,0
-3.5598659917994997,2.4280043899717696,0
-3.3885636552670855,3.477642706696323,1
-2.5224225689423307,-0.5818875481905827,0
-1.8968255591204053,-0.5394968735021042,0
-3.1321368599150405,3.3747643409399712,1
-2.374615184034234,2.573802523457398,1
1.0894775488660804,-0.9322889386299098,2
1.3454521090856537,-1.0247273262489685,2
0.7463725920436309,-0.1468595326561435,2
-2.271210738348342,2.149955902093091,1
-3.976948858545496,2.745575479472672,0
-2.6555149321033777,2.060324574899702,1
-3.6829270529181026,4.225994001644614,1
-2.806681523413119,0.45533346106838923,0
0.5617269648482057,-0.7511422770228438,2
1.0281328354608636,-0.781139364776497,2
-3.350162402551173,1.7159812394938703,0
-3.44878570476883,3.796701919526629,1
-5.700802347478339,4.4720040867255175,0
0.01949977389403823,0.7876891771395181,2
3.0409026424770103,-3.7765321608168536,2
-2.826386218075342,2.7305868945912994,1
-2.409496103284234,-0.21844188851430957,0
-2.946566449879875,0.5533477017145065,0
0.2591703545272652,0.5091569187127549,2
1.2164427386641636,-0.9962024089883302,2
0.9908022255293282,-1.423145850705168,2
0.4492244417667387,-0.37474356806845616,2
-4.468769302505045,5.372733543935626,1
-3.717222273560415,4.468206789108107,1
0.4372299308208146,0.15389613428885407,2
-2.241870466662521,1.9754922303421334,1
0.509635685731866,-0.11578414754720556,2
-2.939029015658617,3.1998084733093997,1
-3.0204812657247793,0.9576177499287271,0
-2.400794150239213,3.12789561062338,1
1.4558290325445653,-1.6759425704830218,2
-2.998275316043882,3.2505737281859233,1
0.5891745754488306,-0.38445010784828804,2
-2.5940174331537236,2.451083342412816,1
-3.067306933008847,3.3425300571046597,1
-3.908881464968465,1.5724583797991531,0
-4.363594996487516,2.126139956256111,0
-3.3212451612417393,0.8291345853007384,0
0.12105074623812509,-0.07717491164673199,2
-1.96412253254974,2.126407448532305,1
-1.172453456032562,0.6990973676869427,1
1.7227814442786777,-2.0162233704506454,2
-2.4859492267930916,-0.0455432255170205,0
0.4239361981544968,0.10672985239540544,2
-2.272663583441049,1.8847838463506257,1
-2.787880474717854,0.12721495692421403,0
0.03903956873665543,0.4161549818420501,2
-1.5022044627965438,1.2485876189120257,1
0.7134035378324446,-0.43364232055274265,2
-2.8014516751644747,0.3784708035542659,0
-3.3640742959274923,1.259186566970957,0
1.1517693364647563,-1.5011767649144439,2
-3.22512099933469,0.6146480220128314,0
-1.7309521044123057,1.2964656176263119,1
-1.7580808044111227,1.7687293830402167,1
-3.3965426249173305,4.301050799466417,1
1.0959256342633414,-1.1294602395603752,2
0.3641644184378028,0.7152159197012844,2
1.3408860454106046,-1.0653461834318732,2
0.7057846471811766,-0.4426876114506806,2
1.1431683517204636,-1.5226875915878395,2
2.0158792211638046,-2.037218086522879,2
1.1076478270565386,-1.119701131992849,2
-3.4734673715647846,1.7270236619231496,0
-2.237219346924519,0.29336268166271395,0
-3.67847616524445,1.7725292988243337,0
-4.206477019270687,2.4132380981146744,0
-2.903820181300505,0.5153383709984238,0
0.7260935881120985,-0.7722030121450735,2
0.2530985055352131,0.14366504858903106,2
0.026878595266650818,0.4877175802257997,2
0.7729862523360594,-0.9078279099384635,2
2.4036904017625638,-2.5486817213741864,2
-2.25804818243708,2.448114821741704,1
-3.260562994243179,0.8138069260000931,0
-1.6609999559947741,0.9688816016761375,1
-1.1061768647149588,0.8596944636521802,1
1.0376224065543571,-1.1209300789952585,2
-4.276980761924282,2.2931996654175877,0
1.0893671454863778,-1.5567399223885623,2
-3.54465233969721,1.9494787481613423,0
-3.528674610194899,1.4998269078438415,0
-2.0376704154609384,1.5772166109719825,1
-2.982803039997046,3.0058323508396723,1
-2.2891302280664325,-0.42469651530344255,0
1.5299405415053886,-1.7077109413651723,2
-3.8638230840713645,1.7040330449032908,0
-3.258110265290824,1.4146371865890552,0
-2.4408773325567994,2.68524123580277,1
1.7664669263003145,-2.1408676803781352,2
-3.3625365571391206,1.079868186761356,0
1.5359942910263955,-1.1740083426708499,2
-3.7742719663438837,3.838688791547888,1
-2.9149468500311375,0.2407684582381444,0
-4.6925485923294294,4.544871887243756,1
-4.25825840525535,5.120983527791107,1
-3.8411773400449873,4.07869328717772,1
1.604151485391713,-1.4197272972878006,2
-4.140750926884281,2.0662433229831967,0
1.7852808290269937,-1.4204763978463308,2
-2.2503424218135857,-0.37757721411735456,0
-2.1649473442741933,-0.5184296689703292,0
-2.339595242493705,2.0952347405936367,1
-2.0241860074702185,2.0686013805542673,1
0.7429573714567845,-0.24468810704035981,2
-3.1894798333870193,3.1977471640064237,1
0.058057855354660126,0.9372968199320924,2
-2.805338434904808,-0.444223353296346,0
-3.356830574766069,1.3484690519150666,0
1.1328559873140027,-0.6865285992807473,2
-3.0646855955607433,0.9106757534254593,0
1.3990272043707226,-1.4914075136069709,2
-2.10629072573412,1.324610136888627,1
1.6514770726803802,-1.4564734057140951,2
0.8272901077330503,-0.5765729490331063,2
-3.666939285787996,1.4120781622780383,0
-2.8182169962941592,0.6014760023258976,0
2.545701047506758,-2.845790313641073,2
-2.0095536689692826,1.4720422845514836,1
0.18098594328789308,0.9011789468942477,2
0.3742587776672751,0.2738573630292922,2
0.5768527642221923,-0.08676690407344911,2
-2.5809819758924437,2.8690602328410826,1
-2.8351615525245872,3.651829451382728,1
-3.509880692012735,3.751140078105587,1
-3.5234484706530877,1.3802923750042382,0
0.9042017095281747,-0.6723846438416159,2
0.4899635788936688,-0.5498383803754832,2
1.1250714364475078,-1.1363370514839377,2
-3.960586950239994,2.538776549206033,0
-1.630614565026717,1.6169137392168167,1
-2.228276565990247,1.5928100728150532,1
-2.5363764298498257,3.0027234694039895,1
1.0440272523516367,-1.1718421704277198,2
-3.5535178277232298,3.471260887677259,1
-2.68820278702582,2.6835068854855275,1
-3.5906801077828323,4.464774671490096,1
-3.6761030293047168,1.4416900331983191,0
-4.556947721274767,2.681036405881047,0
-3.210798295262415,3.06335200745654,1
-2.721815871302678,2.8008066068192674,1
-2.844052837708132,0.05338652341583394,0
-2.408585596736995,1.8725355849763534,1
-2.995043621169792,1.151233211537603,0
-4.672411715105917,3.1624607191175373,0
-3.8607075008563747,3.6062303143835654,1
-3.4985149416808556,3.3977644054589042,1
-4.8357215592916045,5.345715921982961,1
1.5209649294608993,-1.334043401079328,2
-2.8216799632203546,3.262387076370724,1
-3.4428586806260095,1.268086280805366,0
-2.3509939661430606,2.2879657038988612,1
-3.4799197796972647,1.5961115194248645,0
-2.613123237249976,0.3616255620599347,0
-0.16243797387229608,1.152722207699589,2
-3.3528380417237114,0.807313678345313,0
-3.0530280741659817,0.7906535802708268,0
-2.6677016506790756,2.920972021815567,1
0.46611641320618236,-0.22386551954825595,2
2.0381500021614785,-2.452326446248251,2
1.63771951839865,-2.2290748129561675,2
-3.3548115547553703,1.5562675256710046,0
-3.1690519501499383,3.5960703998589727,1
1.375831113514631,-1.704414629235218,2
-2.920413518071927,2.9681556382646512,1
-1.5737775589801608,1.4387474902068984,1
-3.3330033416099054,1.2854272391209367,0
-2.6305804418105376,0.26718881771604686,0
1.5576685928899767,-1.803220343522109,2
-1.706892043596742,-0.7604258240841775,0
1.2379649238134172,-0.7099852768883874,2
-3.6807889810840155,1.5730648017132944,0
-1.8857125295481176,-0.5197609303756003,0
-0.9800827055805996,0.8369070736554876,1
1.2082258653262978,-1.0030322207796498,2
-2.024635073509432,2.0385945466339277,1
-3.1372452621777964,0.6333137147978167,0
-2.784476472684039,2.574431904880017,1
0.6054669199435664,-0.4161291900634133,2
1.3202179345108975,-1.755506899171047,2
0.894410408210199,-0.8461961194699243,2
-1.9240615970267902,1.8081339694609204,1
-2.592503254359107,2.7693049780536954,1
1.7691208786789865,-2.1984451984862092,2
-1.7608141477242691,-0.38763902535443373,0
-2.5954594566991487,2.323254766981896,1
-2.926395350877245,0.6395310049459226,0
1.0948399192346356,-1.0145864872122023,2
-3.476671092155127,1.6993641304073757,0
-2.586642567347934,2.7812366614371618,1
-2.707979451304886,2.625699917240118,1
-3.3753465630669144,1.2539868512487633,0
-2.7625509840407756,2.7549192372493985,1
-3.013054767003197,0.7697749295275047,0
-1.7215434299996906,1.1653300304481167,1
0.18312414805377775,0.5465497272721985,2
-2.1490612352433542,2.0859503952695153,1
1.7489312085347517,-1.8244891167063426,2
-2.758595669743384,2.477668956663834,1
1.6397326023659584,-1.351428089600633,2
-3.965158404271069,2.2566671725421856,0
-2.8266557480844208,2.849857449215527,1
-2.2847499259407034,2.415004949374581,1
-3.2780440429430038,3.1083843180364177,1
-3.5644273182924664,0.9169624501385005,0
0.25092020902708734,0.15055399368033473,2
0.7797851686709572,-0.6283774145652037,2
-1.6427196594556175,1.1137555981508989,1
-4.701945681150482,3.1845258656572395,0
1.4524675409586607,-1.3689670417452524,2
-2.562078262056323,2.6662894713611514,1
-4.827156247836489,3.2718289335677997,0
1.40908411489576,-1.723850487599063,2
-3.47164799679221,1.3738638817107862,0
1.2908802059651967,-1.2974287796382213,2
-1.7947074782782229,1.490692110230598,1
0.6025749664704414,-0.01750303621256699,2
0.5169780169629806,0.42109509273313983,2
-2.1729863182481144,2.1325634023610496,1
-0.627136869665547,1.3218453639364451,2
1.0517413185378903,-0.5566792102181796,2
-1.880730647214682,1.5476684953956237,1
2.0363890613961795,-2.2815093202848193,2
-3.8696466770410636,2.2246704731604625,0
-3.8607056649995197,2.1286672649694425,0
1.4323125214754098,-1.3206668388034837,2
0.6042399642092033,-0.49726314452682374,2
0.16976840494844328,-0.0827513331232399,2
-1.922184314044705,1.839259470850989,1
-4.732943309315298,2.831220886558087,0
1.39571787785289,-1.1887791514888975,2
-4.018116756817085,3.5118838419542415,1
-0.3333312171879916,0.11580801128993812,2
-3.9786275907527062,1.9121713270406673,0
-2.581294363711796,2.4553482566501987,1
0.9929361596237055,-0.8899812552504112,2
2.158364568841708,-2.4371494565575174,2
-4.392047036578104,2.985116397805107,0
-2.0161867025362823,1.82472963213505,1
-4.676103764267393,2.9432637883814485,0
-2.1602266276264213,1.9240081280766084,1
-3.3886607986988992,3.3449631733653726,1
-2.2370226832436915,0.3887708584627929,0
-2.8483292135598477,3.1867621559318318,1
1.6398280762551454,-1.4643261574345494,2
-4.3777947786071,2.31972293285144,0
-3.3149994823065043,1.4364675245325622,0
0.4683454087261073,-0.5015167406594164,2
0.9227123528784549,-1.8034883645618291,2
0.7294135812512426,-0.6702284354595875,2
-0.5561385620837398,1.068374757159184,2
-3.451897113266977,1.7800779899437948,0
-2.789982189348766,0.7974899001881472,0
-3.1580301315087076,0.9079244433082128,0
0.46863964796034585,0.16983026873681784,2
-2.115851582641543,1.7849822943753106,1
-3.5683824096651713,1.4891224510014966,0
-3.8478045742804508,2.180952314480611,0
0.0990026449193605,-0.054689255078279375,2
-3.2919809717270407,3.113611762319389,1
-0.550638278203045,1.4786232674950963,2
-3.3628482614293356,1.1123932244998613,0
-4.069830497249986,1.8664749659430955,0
-2.017612703659019,-0.36023766088050113,0
1.4853752484635645,-1.203529775036751,2
-2.5629687427786765,0.6840552693594595,0
-3.347788666458163,3.168861676095335,1
-4.86742481603308,3.181091851633869,0
-2.1969808160403588,-0.7538559695194689,0
-2.4913165977406537,0.49224994440135905,0
-3.2471856202974094,0.8854632232363047,0
-2.4178880047999636,1.7592764463768285,1
-2.8068217499920793,2.628434321331175,1
1.634487898478415,-1.7306029203457751,2
0.18654300968477083,0.16775704148063963,2
-4.2092233178050495,2.7115265895797633,0
-3.0985324141586124,1.0277573847913262,0
-2.5318620419816247,2.180414197173203,1
0.7473494684118953,-1.5300702803980462,2
-2.8973572498908426,0.3360862023757365,0
-3.057870088492265,2.9970836325125494,1
0.9591546808627857,-0.8212157772238757,2
-3.4132024363170683,0.9798943910004061,0
1.8650635903893567,-1.7735749860729102,2
-3.354656234547576,2.596968361820024,1
-2.708504149309075,0.7285445461239033,0
-2.3813451974926494,1.8978698418742406,1
-2.693199419901577,2.052472436343556,1
-2.9633022853599758,0.9431693149593512,0
0.04934091205484087,0.2686741501875777,2
-3.7043606991245563,4.304332386294237,1
-0.06683252576219778,0.8712189596218897,2
-2.74407759609663,1.0981011905666476,0
-1.5473568162471207,1.5866523960581562,1
1.1748271974327253,-0.8592576259468062,2
0.1125197125823233,0.3770009828979709,2
0.6093812524769392,-0.484341915532872,2
-3.388372482849677,3.511744440800041,1
-2.8625634909404596,2.8370605678951204,1
-3.28137323438633,3.387696217851764,1
-0.3135569497204177,0.5337400485754612,2
-2.557135944837875,0.10248990872891017,0
-2.6566797214301143,2.4096415328298098,1
-2.5778221352757207,2.6420032489807843,1
-3.2068858497138026,1.1618586936139845,0
-3.848125236188205,1.463257277685571,0
-3.5457255746421366,3.787320354231558,1
-2.9418999987199257,3.342569745846236,1
-3.1260034692106906,3.0699185157079394,1
-3.213666554311086,3.845669394566835,1
-2.5546003670857202,0.6339907031533505,0
1.5064762047386515,-2.1032118926713617,2
-1.7868685381838616,1.3516775286902918,1
-1.5213718628114217,1.4622756408507496,1
1.0236601497141073,-0.923736563839217,2
-3.760812552551508,3.945138809938229,1
-2.626834603626791,2.8182638053183933,1
1.14101248382602,-0.5408512502690064,2
-3.801363417416045,1.833968551828184,0
-3.496475226633059,1.3477262096148088,0
-3.592279814633658,1.800702216658355,0
1.7020234614673335,-1.587479228503595,2
-2.5894342219663846,0.37209842924668024,0
-2.445424271110979,0.06594435096664597,0
1.7154882125228645,-1.7718854694811648,2
-3.0426361611681148,2.7650449843107503,1
-3.2968394111766317,1.4145640790653107,0
-2.901666390284009,0.3752579616399778,0
-3.1361584466665255,3.011961833847997,1
0.3012720953404373,0.8885517813604571,2
-4.1147419732293224,2.3202028912440986,0
1.9790465480819401,-1.9087091874955815,2
0.49684839252105756,-0.22282700877050043,2
1.0974233552744594,-1.0364307529063383,2
-2.9676533898325785,2.7914853374015234,1
-2.5524705725178913,0.12691546080721494,0
0.5741343908744962,0.14922705447841356,2
-2.079069497881669,-0.7492808901616685,0
-2.5106558992722103,2.517786306861133,1
1.681160549193183,-1.7616859212194853,2
-1.7581955534551272,-0.9208822044769516,0
-2.2355209713777784,2.184189879953511,1
-2.246741191187435,1.8335842534917126,1
-3.0170263660203345,0.3634209381954854,0
-2.8828782960322488,0.5045131023970342,0
1.085153127840895,-0.958043200871316,2
0.08146252853116931,0.4950659472654103,2
-3.5655923907590528,1.3880901379568211,0
0.031150424212980712,0.07553530168611133,2
-3.0897053552706355,3.358949084280705,1
-2.7191250079420763,0.3014095732502726,0
-3.6662464726136177,1.5984417482216395,0
-2.579074159178723,2.8504259556368505,1
-3.924005838230531,1.8410241900107014,0
0.4054043049268625,-0.034452986603610736,2
-2.6349944846950497,2.9603824264150336,1
0.13978716980830286,0.6349555409667704,2
0.45056726597010593,-0.19100555505535843,2
0.16951711505858003,0.16822277451589673,2
-3.72181598471441,3.887348285736487,1
1.3030969640165664,-1.0783142244444461,2
-2.087380939374139,-0.608825592508893,0
-2.9830258113483783,2.960590966321542,1
-2.9094256152694484,0.5909077023760592,0
1.3924322660716943,-1.480922173601809,2
-2.6485681969152037,0.8828901266000084,0
-4.1223820803860125,2.057621759771399,0
-2.3193581128184255,2.0169661010082742,1
0.584977672917408,-0.5625894108356434,2
-3.537808534187917,3.535689874333848,1
-3.4767481906209774,1.5130781224690901,0
-2.8727642524180963,3.076126177869532,1
-3.101704332450757,3.3671684042689938,1
1.2720314419878171,-1.3720782126049356,2
-3.6786244524891027,1.744481113262192,0
-3.8543085713641148,1.7606789618169172,0
2.0708917021732396,-2.8071545314791937,2
-2.8521525804266297,2.6192498561628828,1
-3.4239213255401117,3.7367187173592544,1
-2.806978598513748,2.1930986766652367,1
-2.215364871588908,2.2794673320044483,1
-3.4543602970577667,1.4244078666941737,0
-3.8519275132434827,4.441619944669275,1
-2.9665069252814305,1.0998374328173357,0
-2.579750623385374,0.6614393040431263,0
0.955207088102451,-1.0649535802981662,2
0.16207640788670324,-0.08217352731636718,2
0.479925483009082,0.19165781952577943,2
-2.8120693686877085,2.7546688756144992,1
-2.3484950200364594,-0.11591383484583684,0
-2.2402940247140464,2.1659644809314385,1
-2.7332553432010465,2.7782856655474175,1
-2.4667047210911393,-0.7694914967526261,0
0.5728090735941362,0.6533303174966754,2
-3.0818628495990117,3.413034225999102,1
-3.9240241774731635,2.2701760828891624,0
-1.9528037818199988,-0.8226018189274535,0
-3.5104781471891067,0.9003080461622988,0
-2.393353591502931,1.89720860380381,1
-3.4322543060962385,3.5813336532586715,1
-2.8268259383604186,2.7255595506349004,1
1.4085205611790106,-1.3893648070551972,2
-1.3130857243299296,0.850070263657644,1
-2.9359437315636914,3.287103895163945,1
0.3447200092803025,0.10930735208900777,2
0.8307911831048993,0.17891571871982426,2
-2.99508716084521,0.46189406121228327,0
0.6375938988865333,-1.2200663193066237,2
-2.4379736575131785,0.48173254019872713,0
-2.847405315513405,2.6322164527695295,1
-2.8976849217122935,0.8637292872225535,0
1.1984388768365841,-1.0877462764822408,2
-3.089882276595975,1.1727330602053914,0
-3.1324808745014603,0.83957535455224,0
-3.561694636744529,0.919918369190583,0
0.8824555623980291,-0.7221302931509992,2
0.8666620556513754,-0.8409869498324162,2
-2.1774727938231617,2.0637179936224412,1
0.24413101856470593,0.04518307332655569,2
-3.5664836049895405,1.4017935284056815,0
-2.867493184282169,0.2505431364453674,0
1.0119688530904734,-1.3165439835185835,2
-3.69280743357087,1.2664937228534923,0
0.6263507378816273,-0.1827871404277116,2
-3.712607804541497,4.637634298238112,1
1.9275612455724247,-2.4803888638033467,2
0.8966376172706187,-0.37500938713247023,2
-2.498053801799335,2.6615256964925162,1
-3.13275528084698,2.905654273909894,1
0.7115546515234211,-0.11800768421586905,2
-3.111789387239684,0.9691465208632577,0
-3.5882897966105496,3.9001466099565216,1
-3.57726179105845,1.6778294871133919,0
-4.458230218030673,3.024154260226746,0
-1.9871497823376207,2.4530171591750687,1
-2.132536458015796,1.7464546095005389,1
-2.3836531595398043,0.1118589218646937,0
-1.852206709270851,1.5647921547686852,1
-2.9787200681907566,2.906227615229458,1
-2.7054811644699974,2.5674078688379907,1
-3.2269763012903856,0.7272296131797606,0
-1.9337298363017137,-0.7015293638098328,0
-2.563868671542802,2.808618622757877,1
0.8743485172358615,-0.19211967308387035,2
-2.8367719343504554,3.2007417457359515,1
-2.553700338179898,2.295928100971717,1
-2.2333305021500083,2.1873915476998085,1
-3.0479750520155835,3.165001635132519,1
-2.4851496100840276,2.113494157951622,1
-2.889836963492507,0.46412645103036265,0
-3.3446206713882227,3.312285322917443,1
-4.309920545538276,2.734867043149528,0
-3.436045467373456,1.2779219051437103,0
0.8472719174965101,-0.2721838694976335,2
0.5320958034719528,0.030290243254625704,2
-1.6319471671314234,1.5891123363281094,1
-3.385516445727789,1.5340873516804452,0
-3.8213720763592076,4.230735779933675,1
-4.356681503010612,2.2364107385971534,0
-2.5290568143660477,0.25726738909872626,0
2.0249908023173138,-2.3793913986393918,2
-3.035206049061161,0.6832991612520667,0
-1.9378754789684658,-0.7406003240882564,0
0.7667471718790013,-1.1742754117598653,2
0.9384477767994024,-0.7712997211609809,2
-3.4843237731979553,0.8397653301532042,0
0.8833843530800508,-0.6755512227857337,2
-3.252922494274098,3.4030158973081504,1
0.7483991512527834,-0.935805914367958,2
-3.17138975454987,0.597771947393464,0
-2.632732847974296,-0.47716980232054507,0
-1.8454175301054074,1.6712081582130338,1
1.8940308180162124,-1.4660868817113792,2
1.2412094257257487,-1.2793589987337666,2
-2.42375800899654,2.8083504324379827,1
0.6373229929740397,-0.473849952637657,2
1.692415589696767,-1.92782306579867,2
-2.5160190257593067,0.4529489715135311,0
0.999307480596562,-0.7886128978021407,2
-2.8146133078157014,2.924506386129652,1
2.7380499300984016,-3.0874519914349183,2
-3.793135534821964,2.413435903804768,0
0.8175386864155061,-0.4617014077761893,2
1.101459297981315,-1.072789392511653,2
1.0967151441900915,-0.7231601485000693,2
-2.5588012672480613,0.06696705679787662,0
-2.4047336183836587,0.275367064444227,0
-3.0456573724797886,0.5791628880495123,0
-2.0912445233061603,-0.9724952261005253,0
-1.697907193863198,1.3352687584792644,1
-2.737050601454748,0.24417468490545868,0
-1.988359146084319,2.204330266069661,1
-3.7993784707642666,3.9559764771511428,1
-2.472719177183043,0.5242021159968262,0
-2.5218743462022317,0.043029521138505444,0
1.0260109490946379,-0.7920850583713248,2
0.06768204564286301,0.19554106189869308,2
4.1416940729836575,-4.877327927592576,2
-2.54869696645105,2.387101676173137,1
-3.2650926146717,3.362365854034645,1
-1.7392258518972137,1.4319268630872894,1
-3.571652919056235,1.168150398478729,0
0.887240397079801,-0.9461478433265733,2
1.6806199319554724,-1.7125602499666364,2
1.6363009919524922,-1.5478709354329423,2
-2.432332999016679,2.162520898526184,1
1.0378260955727603,-1.2361991403647168,2
-1.8516219024250569,1.6270468562547444,1
-3.0454353228817617,1.0197844504630433,0
-1.8553323710126397,1.5969979576758528,1
0.613096798795751,-0.5831532438177333,2
-3.5458407282734985,1.2888224614455774,0
0.9104653557682718,-0.6180322170782665,2
2.0848342980526935,-1.9163599744999575,2
-2.564967089156993,0.2099500718846734,0
1.2079169417991282,-1.0387247727352393,2
-4.319728105187302,2.3915447802958436,0
-2.066197268475047,1.8076523037993293,1
-3.0776394710247246,3.096157583217367,1
-1.6195591631965578,1.3636689216713558,1
2.026346398108252,-1.933483657350408,2
3.0947308786957204,-3.2106890634147045,2
0.7003844898744236,-0.4727374342535068,2
-3.153590228499046,1.1699625645413976,0
1.9155199130286176,-2.055169930631117,2
0.13912914209278604,0.5897237478805132,2
0.4395639857346465,0.5480388902203475,2
-2.7715297370275005,2.800865213079279,1
-2.48000622725641,0.3599671911271498,0
-4.295727880163293,2.7332818710602305,0
-3.6355231267166888,1.5869453151601949,0
0.9323489592708196,-0.7388749103504986,2
-2.345266351438878,2.2919582768756745,1
0.06851695984374429,0.2671143862965409,2
-3.263798463246476,0.9731804441365117,0
-2.0631752924466977,2.3444327667461664,1
-2.1049675933429306,1.8218903738254486,1
1.4187258961744533,-0.989013773086444,2
1.2664824403904806,-0.6536750897242434,2
-2.2005341857930367,0.5453814298212185,0
1.9195760045133512,-1.491461586383977,2
-3.426716452292421,0.9252678502826539,0
-2.8747481184071018,0.5502469378512247,0
0.3436932929768127,-0.048373178439415465,2
1.1901077086278764,-1.317353562874254,2
-0.5841867217084569,1.22907254343531,2
-2.7144226025163736,3.1919743426195124,1
1.1343432289045678,-1.1902038848234673,2
-3.5633892286731736,4.244318695556429,1
-3.6058312538088932,3.2962804289442844,1
-2.6540785708526227,3.0338210785840136,1
-3.301015492964458,1.5701648924015519,0
1.2871132542505876,-1.2848457232200226,2
0.8169708414639691,-0.7281231743586707,2
-3.3228287194960933,1.385017392382216,0
-1.5789062539217973,-1.233227644572798,0
-2.4146346934034804,2.5651923475698677,1
-2.666034599326969,-0.12819955055369814,0
-2.6829152265417955,0.13124064489636833,0
-2.2495650454245832,-0.3170963741833024,0
-0.06240250989384746,-0.04526422880756595,2
-3.3378938624135173,1.2761867451564326,0
-1.6187719895804893,-1.2885670440960464,0
0.8076083114841,-0.08196438415789253,2
-1.6734934765096587,1.8777920989657284,1
-4.0651979946747705,1.8309544623590615,0
-2.322379632919159,2.6002329229290315,1
-2.7341030452263233,-0.13868462301473894,0
-2.754594007492106,2.429950300615986,1
-3.895060935823688,4.382180310934153,1
-2.655367376722584,0.5165149582769564,0
-2.340817205371008,2.236117806116902,1
-2.8407559868026575,3.0654788988205195,1
-2.2476746465262423,2.0982477536872968,1
-3.013420040961672,1.4098179935553539,0
-3.9826764469170164,4.106909459038942,1
-4.294544277207798,4.375557724083124,1
-4.654808940007372,2.8844025338831187,0
-1.733883082739637,1.556062046571481,1
0.3373557627744699,0.10371368021026783,2
-2.8330685110057,3.029278538740123,1
1.608589500027997,-0.8894631418489916,2
-2.496306265813983,0.5251287812866523,0
0.6647546479646582,-0.8430778826527858,2
0.5997079658472825,-0.44715849416444486,2
0.38265395150619375,0.23940247821558747,2
-2.993798446164672,1.0912602592228158,0
-2.7030970292093954,2.6211594846946715,1
1.4341724298471301,-2.183262785333866,2
-3.706101434641792,1.261843296222219,0
-3.769126888186289,2.1021264073350516,0
0.7249610029065349,-0.16736327601154333,2
-2.8296142160409437,3.0779295276801157,1
0.9294111638393674,-1.124160519037625,2
-0.32000373634958335,0.18751936111650536,2
1.5285154115005424,-1.6851917241760528,2
0.20628243765204723,0.5533092538050348,2
-3.4987637760361707,1.2318121384103229,0
-2.7665266674304365,2.7995380209868053,1
-3.6674897735766447,4.266500376656655,1
0.1846808831539456,0.6927579601216607,2
-4.048280253093882,2.0435605939243677,0
1.4257300864927684,-1.439523309870655,2
-2.425564803646365,-0.2651856928682008,0
-2.817634024797152,3.197943339552204,1
1.1796282725418687,-1.5426250176004883,2
-0.4973813169767891,0.7822779690681144,2
1.1308987699599444,-1.1303340271876128,2
