5.867498067335642,8.177151880030342,0
5.613699815229969,9.932955265811792,0
7.225084277857703,10.448861938921507,0
6.76282254631617,0.6051453524386279,1
8.016182400197797,1.5431470087909844,1
8.40185355966284,-0.3734813153278215,1
6.5119227666953865,9.813429020266614,0
7.39967960252523,0.9125888100340231,1
-4.984363346491188,-11.422275250728518,2
9.888250958231662,0.9024139190174933,1
8.800021429840212,8.543235209407513,0
7.953113720266394,8.368976644531578,0
6.108460663453791,8.233439954433162,0
8.339755138056193,8.888149571846016,0
8.883610840456855,9.015898740093084,0
-6.668436976547094,-9.3570716767763,2
-5.139044280758512,-10.148311947253065,2
-6.916203652826219,-11.329596321758437,2
7.034432405163599,9.697367382354333,0
-5.946670638871868,-11.180650087514795,2
7.10596354892956,2.1351457207657516,1
-4.600208696127608,-10.489898373835322,2
8.248408416963311,8.2829126970205,0
8.953624073629827,9.489034167236586,0
8.33023434578394,0.8621300497783135,1
6.4349195942297674,9.974160938180752,0
7.8256538681845615,1.4883799663103021,1
8.185340064175168,1.3852673458333868,1
8.263075241990508,-0.34462227654270805,1
7.950233605531555,0.71606891846096,1
7.413952626309933,-0.045715629436325345,1
7.336543286852095,2.193163669386803,1
6.796158770594092,1.594133492333903,1
7.26697254453205,9.87045836320718,0
-5.028964002663899,-10.028586045186977,2
7.700350037539864,8.341071869387724,0
9.815883092150676,2.286650419260335,1
6.69627651899643,0.36084218985763294,1
7.269469547555358,10.983203690973689,0
-2.981920282136847,-9.786117302529755,2
7.309447719262704,-0.7325593990795134,1
6.739826357551413,10.116724267832328,0
6.166919204554322,2.868432877487601,1
8.112973084114188,1.285644878521952,1
8.062629286973257,0.3433268894772198,1
8.264292007426421,2.10957825754363,1
7.782240051142107,8.55083150601161,0
9.193772680744862,10.267867124771879,0
10.407777511383054,-0.0048417360129412446,1
-6.311133479905806,-9.809742201508973,2
-6.084724423776731,-9.845478381338557,2
7.759315156161751,9.12963513108231,0
-4.673249551225657,-10.105216353617925,2
7.686262224157505,-0.04255056440640326,1
6.0367125424670665,0.7102468016402803,1
6.10723360743591,1.7301025725802555,1
-5.687296192651046,-10.89346944158725,2
5.1092720133395915,1.2052774461907132,1
7.1417160383215395,0.10311541674908575,1
8.210793409692437,9.622313759787748,0
7.011198993436512,-0.07676503923577149,1
-6.46722955785747,-10.541972265362098,2
6.5532910320566575,1.1125204972136973,1
8.682096469250274,1.948442896708631,1
7.277755137913986,10.768248350266488,0
7.281167530179515,0.15848042454505867,1
7.2483129784034706,8.09462266069719,0
8.993879847019663,2.2037681464394634,1
7.9264781680372245,2.563457094912485,1
-6.153014200509557,-10.119245140506706,2
-6.602074855220301,-8.05007910600951,2
7.983010592123247,9.857535527340445,0
6.9151169572539075,8.648123835168608,0
-5.128679833104583,-8.834628397197529,2
6.158954831030094,8.702086854283483,0
8.700972609794412,0.25831398548856127,1
6.7102438654653485,-1.3326828226502958,1
7.829581778043418,8.89779120761757,0
9.682462159024759,9.311574917019355,0
-5.974427727840466,-9.309508522136897,2
8.818758270713772,11.027688298352778,0
8.856582331625864,9.522040429570326,0
9.00618567880812,1.3029932293767141,1
7.0480818125953455,-0.5890157363266217,1
8.814392230865275,11.143106325902709,0
7.8251010710785005,8.418652661123032,0
-5.194237231883695,-8.945433446243456,2
7.79910797054749,-0.25289981954811924,1
7.568333855095813,9.324433090070357,0
8.337789856297881,1.7353943908742955,1
7.366828120965015,0.06645720257996435,1
6.160280436428083,0.6222701932708633,1
7.145159014356331,0.9146750066364451,1
8.224758443953919,2.5000531559059946,1
7.206527936021848,-0.4657930781889541,1
7.04187233545516,0.010188602346483666,1
6.257732344994565,9.496431735567265,0
-5.199033801792536,-9.399784691829689,2
-6.048289536714639,-8.427778457358013,2
-4.15416008562684,-9.012169754244619,2
8.182404213527414,8.169999776999951,0
-5.221746078998823,-9.926625290883958,2
6.070749493617276,9.8464029873994,0
8.386556404647404,8.825779616789774,0
8.179925620803049,0.3305882842083512,1
7.448944604740856,0.5424959171719167,1
6.025452324867894,8.306239229660909,0
-5.912722847227815,-9.954249043476171,2
8.189046959257753,10.590292351586207,0
-5.1234432850989045,-9.37405984555277,2
-4.8254418684453055,-7.666739289768528,2
9.941099030505033,9.223956669241192,0
5.9385602381505125,0.6931012877322305,1
8.700355043352282,0.26106736539967274,1
-4.330978258677099,-10.030882053855482,2
8.296088054879005,1.9227661173756039,1
7.651026730091285,9.73916943225385,0
7.212575637551,8.617371256920025,0
-3.8981846630590558,-10.204065918252233,2
5.717052938053734,8.80772200239937,0
6.974228218665259,9.55896816119871,0
9.621222051741709,0.9254231466750656,1
5.759563539119174,0.9260533394870812,1
6.730298734365705,0.0545756123540303,1
7.727470592889027,9.039188152396108,0
5.678210894350838,1.0010847710004533,1
-5.272910031792322,-11.209667919867101,2
8.386085131939442,2.0966262059519254,1
7.380179686934908,8.530768233907269,0
-5.7024071591826555,-10.789173969768143,2
7.771386805226157,0.8979386489826864,1
-4.93673487491432,-9.191001159550684,2
7.452720545096936,9.412410341723735,0
7.144243367235228,8.889174214457862,0
6.083609265990392,2.294314468245461,1
5.0344942110739455,0.8580249883654439,1
-5.124424696545682,-9.843944698856898,2
-4.00415456435638,-8.42816140389018,2
8.601997266021987,8.326588893750793,0
7.5590118208566315,10.540869404833739,0
5.590110356257705,9.911878641702309,0
-5.947251244671815,-8.538809489494255,2
7.0005864103747095,0.13933606724327663,1
8.924096878142805,1.083778219294787,1
6.174767409046598,9.2129774475215,0
-5.003227042045204,-9.416961543957196,2
7.938290784275062,-0.2562382111779251,1
-5.023067996557007,-9.99945856418903,2
8.463323400856188,0.6026726620271651,1
6.794439983093451,1.8022495981073452,1
10.398839577374046,0.055219051941183595,1
-5.076041457687192,-9.351846186159296,2
8.229433043071671,8.763344302428237,0
7.924351295205772,-0.12168355987652735,1
8.204206924776992,9.31490435703241,0
7.572268131470567,0.5029428179390938,1
6.483636661282081,9.310329346540186,0
8.432770370605535,-0.8497684274750006,1
7.698206974705431,0.7995878391440361,1
7.423823808501373,8.678360212342868,0
-5.046755427143655,-9.795698333066285,2
8.87356881064407,8.78077548399828,0
-4.836512365539544,-10.22672934534015,2
8.815456625950373,8.763860459061515,0
6.7544505381429225,9.745319331430215,0
7.799246924074256,10.595769524075402,0
-4.779839171675768,-9.390613349452344,2
-6.454226458379475,-8.71128168816535,2
-4.228722433891046,-8.302065503531527,2
7.969146637036671,-1.5738516632702853,1
7.931948832244169,8.495614797800599,0
-5.658576890390266,-10.289715778440396,2
7.5781827681898575,9.586292328375526,0
-5.520146773496762,-11.129964155122325,2
7.620515842091222,9.371448142389962,0
7.0778473791256395,0.5414860722723698,1
-5.2425387340303,-9.049481936667133,2
-5.686218637997501,-10.303953402118417,2
9.40172977531762,9.554223659094546,0
7.046622464688026,-0.2611435327723738,1
6.472682100305553,1.6897848253018437,1
5.801720477129853,8.788728124314357,0
8.293643637409417,8.688941540134298,0
6.859848795141786,1.3035529747486088,1
-3.9911234493665453,-10.907402519088766,2
-6.272960836596895,-10.880659984183286,2
5.69720159958163,9.488590023562113,0
8.171723901849804,0.4224869216632585,1
8.288000426413092,10.032990532726476,0
7.248120184081138,8.015368585468202,0
6.654540692797051,-0.30702773318708987,1
7.18655077254878,10.623323355965127,0
5.66721297469001,0.42382720982007605,1
7.686796567666897,8.254406970021336,0
6.360253565274317,8.951396071193424,0
8.368110450306595,-0.017103095483849695,1
6.827990946666265,2.370643895984996,1
-4.935837980579245,-9.496398361849874,2
5.2521378122948015,10.855693486474634,0
7.992614666662581,2.4181800932292195,1
9.197832771944105,1.2036797121346607,1
6.561814821547203,1.608629657237417,1
8.011886362571838,9.659491455164833,0
-6.339454734843305,-10.265201933674392,2
-5.877460268677812,-9.82630930994317,2
-6.685749685533132,-9.300200587866987,2
-5.769443834768028,-9.712366272921084,2
7.061272910457071,1.665921791524645,1
-5.668250838309435,-9.022958994486562,2
7.395238695684469,9.144728088087732,0
-6.148547140298989,-10.162807575649564,2
7.112534777925934,9.433268140022674,0
7.579296949697744,8.767230872016988,0
-5.599813403432038,-9.907355440222583,2
8.226934524657892,-1.6357841192078326,1
6.376793960828726,-0.06699167368942172,1
6.305749769685875,0.06727023564289625,1
-5.3376160293051935,-9.514251046561862,2
-5.412503887576079,-7.661568365013407,2
-3.913669130661674,-11.17147463771344,2
6.715800445881374,11.406780395532657,0
-3.3917500096756408,-8.467334273681796,2
7.354937801108134,8.772336763290912,0
7.484859891970933,0.3341135909805395,1
7.75704319023518,-1.310970600627086,1
-4.971562466907386,-11.948622955614168,2
-5.627891645659855,-9.513651009147276,2
-6.384982651394786,-9.556306189626287,2
7.507434725298853,8.124838847025352,0
6.137357459004443,8.287569516754742,0
-5.586848581582998,-9.68410760100448,2
5.949916822956867,-0.16746180265888333,1
7.928010636571633,2.2695761518838538,1
7.941566442099247,10.170171010692508,0
-6.497350865676425,-11.11663229329341,2
-4.885400574115144,-10.238484519928612,2
7.123833993386371,0.0877576362651864,1
-5.973426412730047,-10.99641427089827,2
7.589377554024805,-0.16778903052367544,1
7.474635896512322,-0.9045134754257589,1
7.784303143601339,8.430801078890497,0
6.657044062274074,0.3333417060745997,1
7.914507323478482,7.6350321744508225,0
-4.030549367667598,-11.306093918696153,2
-5.19539613640434,-10.132466032189454,2
6.516825009951148,1.8521345649404808,1
8.43705294578131,0.668561864850716,1
6.891389729091996,-1.15856642654655,1
-5.777411355416761,-9.815014757050715,2
-4.965453547839691,-11.080375263987376,2
8.619898763223874,1.0168344476177718,1
8.052923351611067,9.918080168277086,0
7.554011080149956,8.738246708010287,0
7.648312283821998,0.8115042348953552,1
-5.77345506749342,-9.03289101963427,2
-6.947861633031598,-9.113133696492051,2
7.597087707482666,10.819669848762196,0
7.020466682083281,7.942509706014149,0
6.936273868052836,11.677247889296481,0
6.485410372914209,1.2558193337212735,1
-5.5426493240640555,-10.68076600492124,2
-6.262843534363618,-11.42700949741486,2
-5.526645218277093,-9.345113774504199,2
-4.052736930790076,-8.296404315565095,2
7.415263659275383,0.054831236223837565,1
7.206159128524442,-0.13864354132911527,1
-3.8961861330785976,-9.235611884574185,2
6.183596783088461,9.289305810076652,0
8.812804223736242,9.508615543394372,0
8.717863018729222,0.7603837691379565,1
6.425969192022658,0.6344724573566727,1
6.782661584238242,1.4225627654957644,1
7.898578025474818,1.4183587296364077,1
-6.321503069927549,-12.47743048113217,2
7.604072249774844,1.4803428587234269,1
-4.378759584787626,-11.288956882798356,2
6.517729694432827,1.236532594918088,1
8.86653632998617,0.20036599667618488,1
7.322521255354309,10.45661816429381,0
6.285687222254697,1.4102796440275038,1
7.162513556122373,9.74878714371016,0
6.173573651136039,8.737566209511403,0
7.404210123941263,1.5207842524327466,1
-5.507234568904125,-10.642104187068645,2
7.274232653223459,9.184599908877153,0
8.444136656945194,9.115411393858063,0
7.008466181250357,9.899914743130882,0
5.2780175677390995,8.93474119162427,0
5.396592007664664,1.9959238075268941,1
-5.804976485285648,-9.490484862959217,2
9.398988070945423,-0.6388581785169754,1
-4.923978365663417,-10.156467823290718,2
-5.1632254632929575,-11.050283398139616,2
7.7440402118056095,9.38819595000218,0
8.27458019026074,10.191910907457999,0
6.889957514069634,8.462770228668793,0
7.977279177198735,1.6146162656562644,1
10.24358094931874,0.9978580105473978,1
6.267920665535631,0.9815790958910477,1
8.461107851286656,10.042534096815087,0
7.535755642437523,1.428795240155575,1
-6.116767825529416,-9.22753033292387,2
-4.953190950902581,-12.40942727189827,2
7.292627739117514,9.877746301460837,0
-4.839110667508499,-10.522749796795216,2
6.742222457782393,1.3036332488375837,1
5.5256873399568915,10.349555051785503,0
6.278772368456181,8.721863816239065,0
8.922909092312365,0.8533330107487579,1
8.079252720008304,10.588201055949177,0
5.073374915485944,10.524829732323994,0
6.8922890541860005,8.606342930375176,0
8.322450913026787,9.678191958082412,0
6.799955886635656,-0.4209768285201325,1
-3.9017939079789823,-9.762027907387894,2
-4.84870587612072,-8.955611611127015,2
-5.275601430117813,-7.935770253717305,2
-4.9654329567745465,-11.144091008809006,2
9.1929604929806,1.3126992227132417,1
-5.164327989543506,-9.226730871284152,2
7.806940314008837,1.9507862844929265,1
6.658774609335286,8.86341664954886,0
-6.957504235076398,-9.518425004351094,2
8.064823464103803,0.6167288219513659,1
8.813583179532328,10.382551885906597,0
-5.530021441272053,-9.49675159994612,2
7.897658143586724,8.219547640515174,0
6.653497749103859,8.848928403754208,0
7.754056898645566,8.74810005059284,0
7.829448164576652,9.626271582582962,0
7.263035467630798,0.2570826449400515,1
-6.761777114403574,-9.084681623883407,2
-6.138170631746037,-11.320605559934144,2
7.2958656500383,10.817327272529395,0
6.367226070370239,0.7536965969481507,1
-5.367783509205801,-10.485624428507661,2
7.986670498849083,1.1054354416064471,1
8.612048169741582,-0.3208906440516175,1
7.868495708148076,0.32950917027005794,1
7.325121569678618,10.332907327366833,0
-6.01406876585691,-10.07265244783773,2
-4.512561660808674,-11.610681635611702,2
-4.930324117039396,-8.422557157344041,2
-4.599535717179187,-10.012626149000734,2
7.188814226873064,-0.12700306255245009,1
8.616485730375121,10.436749646466055,0
6.794747648902403,0.12904747408838602,1
-5.895627311884958,-10.498943928770592,2
5.9866406441375695,0.903826256210531,1
-4.629690606632995,-9.6443491475613,2
8.652565017703273,9.607717589357934,0
-4.127253097274805,-9.872241473466365,2
5.054084598651397,10.079009900851357,0
-5.777608551463008,-11.099854237005722,2
7.754646629727051,1.3325881996371405,1
9.629415575034633,0.20358272943207212,1
-4.010052220276725,-9.824520013057008,2
6.172811016981104,-0.8516892266053893,1
6.757510386530139,-0.408699081667931,1
-2.852397587680494,-10.248302400559615,2
6.477722854510164,1.1333240669459337,1
-3.9997831797183085,-7.895411455681275,2
9.188100373412475,-0.5856001565881401,1
-6.007117230605132,-8.613908215737213,2
7.22127405838741,-1.292634914441015,1
7.776829053053386,-0.5006202656793426,1
7.571704579979211,10.466172821551103,0
-3.890772651093408,-7.710614242841587,2
-3.7342809922790288,-10.440145783436902,2
-6.261044269592089,-8.324071522079544,2
-4.491545518140138,-10.09616625509139,2
-6.227447329322452,-8.88606946604595,2
6.96335915703474,0.8987157660738143,1
7.740677941593778,3.529122331852464,1
8.736357547811158,8.122920253989244,0
-5.894203142822024,-10.351188983691697,2
6.851575066494165,-0.16753712680079713,1
-6.9025381846707035,-9.264791418192923,2
6.657126903265955,7.727562327539484,0
-6.949736779874867,-7.56179623975941,2
6.875862855955393,9.6970311123271,0
5.480655547793802,9.800608569653651,0
-5.333602240524651,-8.730374826403132,2
7.400261419397705,0.4937419249923673,1
5.897034822614626,2.1026028702327237,1
-5.663765939540008,-10.765884861103519,2
7.057915291811877,11.329980421059497,0
7.466231886434677,10.638918524076141,0
6.167672344257179,2.310935946491136,1
8.002368640248065,10.169173297436705,0
-5.015650974854143,-10.724116769238519,2
7.275173090964033,-0.25308122916833564,1
-5.40149022408851,-10.093385002988214,2
7.287249955494005,7.6209979951176905,0
4.7824672752424275,9.35057259963864,0
8.174432520104757,1.1246584378777538,1
-4.803074145308973,-10.665703043092135,2
-3.359831632259998,-9.584546827684134,2
-4.98901527464514,-8.785369079868445,2
7.074739393570138,-0.840323058301711,1
-4.999858510028041,-8.228212316291739,2
-5.637845653321322,-9.761487232512765,2
7.144105097783366,8.95209685091985,0
-5.571445616742475,-9.55855661343929,2
9.10561829681764,8.30095868880551,0
7.541073189113597,8.998105761927238,0
8.031274855428077,8.377475219135745,0
7.094764057707059,8.325454111810153,0
8.015583888394765,11.142979948124005,0
7.25653442676624,0.00826834662179654,1
9.036123108127889,0.9756326581582789,1
6.988026486283867,0.6240518026437579,1
6.39692171729725,9.595336101259695,0
-5.518649493901513,-10.409052062373306,2
7.594856728135408,0.4219868049311798,1
-3.7510610083776217,-10.215987850761534,2
7.738309802816242,9.56236852407141,0
7.446369848134654,11.436749535578953,0
-5.088093691915807,-8.795512790295279,2
-4.872600995709057,-9.587977254771241,2
7.1140022979218696,2.133040141132878,1
6.535527486516892,7.706941410069098,0
-5.670215483229519,-10.359267965298796,2
-6.697773966336993,-10.323325096408695,2
9.456209117405448,10.191305744053654,0
8.203245082751433,1.0291871376597233,1
7.796506537405467,1.4900804381446322,1
5.5095912219786936,10.149651748137678,0
6.655891363459293,8.010925833927223,0
7.0591561376487215,1.125374677674083,1
7.599264253739576,0.2650955572164729,1
7.385360562699452,0.7639197365591306,1
6.354469184321326,10.864033367413178,0
10.026165836708968,9.903861254880807,0
7.148329045156171,8.176260517560383,0
-5.4681949436312305,-9.04332425373629,2
-2.9726780116118645,-8.602079072718169,2
-4.322393026132106,-9.052794085055284,2
9.036123431273499,9.904656948575996,0
6.983623386980701,0.4265301158270047,1
10.529055752187825,7.913194559761166,0
7.571351032328171,8.967153960263557,0
8.076807633079705,11.74579608194536,0
6.519828521609212,0.35486427149806654,1
-4.723174918767546,-9.110328890420893,2
5.932665768957868,1.3317310542043663,1
7.197689588343814,9.758363401996942,0
6.876047381187149,8.50538356199059,0
7.3242416585020615,0.7094800923900487,1
7.460675926476664,0.2567503027401866,1
6.079037250297212,1.1026673732549959,1
6.029378979372048,10.319740567539885,0
5.327805881905972,8.178004479359865,0
5.521617746813778,7.9844637241817,0
-4.020878064825565,-9.283537273238085,2
8.061640781913768,8.437369677651784,0
-5.994419360104436,-9.980940941592534,2
-6.496773610126065,-9.845715438367401,2
6.341025780175128,9.701047845673658,0
9.492081403791326,10.82670873023158,0
7.98179400121305,0.8706784174358206,1
5.726096480008211,10.122722951961855,0
-4.391900994051461,-9.736118753198717,2
-6.7002885658116735,-10.100293656001371,2
7.144610537616683,11.254631886978462,0
7.157023383559479,10.019030040564575,0
8.35688932809445,9.043980121787932,0
8.31341230253502,9.983845987329586,0
-5.524174465551169,-8.738527275598466,2
7.396867220478052,1.415171164343199,1
7.177997986695035,2.858351810820465,1
7.828329360245368,7.768648828717495,0
-5.387475095882778,-9.249678018289895,2
6.159924603264129,1.4770241897988083,1
-7.243632168937491,-9.839329029274042,2
6.8576950333519715,10.30105928981949,0
8.584661030019046,1.9574000462117602,1
-4.705895063993336,-9.724025090350843,2
7.107932975955882,9.782900228309533,0
-6.028815818336439,-8.827896169016983,2
9.898969613822434,0.6808120109798308,1
6.637798750769446,-0.6122369668880874,1
8.185144740666244,9.513377728246477,0
7.379562483316606,0.4011770735289152,1
8.361865982806295,9.089581130711952,0
-5.582235189882546,-10.334677445243953,2
6.544332443779261,0.36012599575389914,1
8.76643118868822,9.30350321074182,0
7.654010841627685,9.608541661735774,0
-6.560867359391832,-10.68897153694348,2
7.282131960890124,0.6924932802273365,1
8.758949927499842,8.375096687999966,0
-5.616861425408438,-11.41204889245139,2
-6.1232535991547445,-10.029310710636521,2
6.872084893182934,1.263368074638184,1
8.22799869202533,9.81331771641704,0
8.822173991950118,10.762321620521513,0
8.3805738451848,9.997721434731798,0
8.004022596166875,0.251838894992629,1
7.439478971372225,8.842126247391423,0
-5.904395667719075,-7.729471339789537,2
6.08908036660031,-0.1984322137445882,1
-4.8344443653246,-10.502125929217549,2
7.252454306241607,1.3037074896502474,1
7.849855424714227,9.960505615177706,0
7.294339842191692,9.794864677450363,0
-5.0157065554081335,-9.842442112022386,2
7.583890642781471,1.0626890678864218,1
7.498143734038043,9.29677019315073,0
-6.605666442085426,-8.97165462186911,2
6.917124385956492,9.038446937418074,0
7.4078387066007965,6.936330829821463,0
-5.786755041075009,-9.584086402284903,2
6.299508692610024,10.405431702305751,0
-3.579962332612609,-9.51404135744783,2
-3.7768058466063925,-9.986767033715026,2
7.761340853441264,10.012594100689398,0
7.809039744865917,0.6564142504549018,1
7.529945142901176,0.9348663383929241,1
-5.3604990703219135,-9.79890083338073,2
-5.53101891724818,-10.892413415806475,2
-5.885776439937591,-7.6679741988703,2
-6.07161194429059,-10.807268754283074,2
6.687006290090525,1.3612392971566716,1
-4.654291737801298,-9.369372667066552,2
-6.221673282663219,-9.69983240830951,2
6.177797213223,2.2871810268264303,1
9.471611549712183,-0.17541073814360775,1
-3.9050996822597543,-11.256848230443584,2
6.1240784596132425,0.3635093767566009,1
6.258170822197859,9.795054772524264,0
7.942515622950301,0.004123764330881352,1
8.749478808621001,-0.1953774681851269,1
7.790889402795012,0.5226841926474324,1
-6.153252666898883,-10.497100895873674,2
6.55363939809422,1.8706105900230527,1
8.06505105060049,1.1386816738006402,1
-5.352476530654669,-7.617966657168507,2
-5.818032301516968,-8.740604937499903,2
-6.422307930715922,-10.873142243743823,2
7.488428260348334,-0.1756883835864581,1
-5.332053894885414,-9.346810360459228,2
7.906519407516465,9.280030298352155,0
7.666402592133092,9.688326755926667,0
6.845489502593503,9.753305707799392,0
7.462705043706143,9.596280779224829,0
7.199932986021993,9.223367557913578,0
7.2985110637443835,-0.6137349989688832,1
7.943106473721276,8.206222084295161,0
9.17061801150707,10.376906958963211,0
8.301259460234487,9.663941225715302,0
7.082715723615169,1.9772456947131882,1
5.3185761900009645,1.2107282623513322,1
7.250170244040694,-0.14781772344687416,1
8.6287047881864,11.263554341071787,0
6.822998181519249,0.2771401492853641,1
9.403530800116986,8.095920989604394,0
7.761268701225294,2.0005653658393596,1
8.483854538910604,9.827470889745747,0
-5.743348012732847,-9.040961459485507,2
8.993341532573062,9.731349104923995,0
6.457950988837974,0.5748832485333761,1
-4.286215157439134,-10.11067057215597,2
6.876264335089809,9.22600968893399,0
-4.400707605569343,-10.263165330956017,2
8.34361718257347,8.737977304694933,0
7.617174293179172,0.2518357337281836,1
6.137534105145197,8.370529863349566,0
6.355114823157311,0.7744268792407596,1
5.280549079625711,-0.6446112444341736,1
-4.925528910727785,-11.740311360060742,2
6.737252243095484,10.258756043196948,0
6.79018801695811,1.5676684956276752,1
-4.556844079854168,-10.43391242161762,2
8.562581979091485,8.121830104432647,0
-3.9018680683627753,-10.298161638980407,2
-4.946428797364475,-9.047983989963283,2
-4.981715228312711,-9.858146360045662,2
-5.80586083642408,-9.381421343911397,2
-4.120200282456121,-9.767323139781746,2
-3.9798401684301163,-9.389145619776897,2
-4.367223594420828,-9.69284527189575,2
-5.225280427461582,-9.401169161124507,2
8.288270951099074,10.717308034864457,0
7.092761520366411,12.27174212900809,0
-4.027710196917985,-10.805367974131489,2
7.55018005447912,10.247657443827087,0
-6.394480756657019,-9.145289263157421,2
-4.684152424161133,-8.645252908071798,2
6.230076835547712,9.808258981036609,0
-4.404980495840585,-7.607359541610766,2
-5.142248659681055,-10.786329656771711,2
7.766961582505598,0.5027362083843645,1
-5.036285645214119,-10.679145590867568,2
6.9030560092109345,-0.11820792716645578,1
-7.048534557899817,-8.638009783483716,2
8.99558412443202,9.042043878629464,0
-4.004301265504365,-10.157405023757894,2
7.299314661417142,0.010726249280453737,1
6.798585296429635,10.141118273421233,0
-4.665015236621276,-9.677873921257705,2
8.735763540509481,9.270305257510614,0
-5.65304319852223,-10.161877573373358,2
-4.967814706685493,-9.159009360691483,2
6.64113302867733,1.5707711402928164,1
-5.043643806942499,-10.406549937904648,2
-3.6653707966931135,-11.44343185795945,2
7.472546260136331,-0.13469510877040936,1
5.974639733412724,10.873506229499533,0
7.499852369522471,9.552742844448742,0
-4.6117165822173805,-9.84742977263669,2
8.825534225939062,1.0147381088430416,1
7.645628401112976,8.236672534312923,0
6.324774764629154,9.312177414966332,0
6.944341445163576,-1.3113192658645616,1
5.307010223184612,8.674386261373359,0
5.660203194301357,9.181150529572566,0
-5.6766697130975965,-11.764583292058559,2
6.505189211803362,9.02053654098528,0
-4.143051902025731,-10.230653663118144,2
6.811700495846251,10.884041302883416,0
9.100888584366245,9.148074112068752,0
6.6128122822934285,-0.2857109296820155,1
7.067536820142861,0.12380780494441573,1
-3.96660896987279,-11.939671216207854,2
-3.1577312280381533,-9.153560369990814,2
-3.6143535833758316,-10.83597443154457,2
-6.302699284859969,-9.516398002063179,2
7.34011795255491,9.953611255053984,0
9.587855132457948,1.1710442435482378,1
6.975041623759567,8.745498569526504,0
-5.182187382867793,-8.457588998281482,2
8.090742154489607,9.56303700297735,0
-4.316823008875068,-8.342906195336626,2
-4.167697290450924,-10.652141798354515,2
-6.081972440609165,-9.58449487794218,2
5.757792310034541,9.5672454737243,0
-4.7997140688693385,-9.077970001264257,2
-5.95596938926367,-11.052118112014291,2
6.673038568940393,1.7332546241591116,1
7.1023782219531615,1.1605046444081704,1
5.862039416395147,1.605294190921164,1
7.022149527353769,0.6002763118726753,1
-3.8725507162617294,-10.434381015741467,2
-4.4330283922683735,-9.629918503514192,2
8.127114259505827,1.0877341151439905,1
-7.274755800953267,-9.861294066725366,2
-6.331967062118179,-9.055985790229412,2
6.502814386405729,1.3255070699380822,1
7.679972151315388,10.081094862888568,0
6.937048193011871,-1.0356416725391049,1
6.191581444107281,0.6273532745048268,1
8.039351076254427,7.927554187753168,0
8.830532419222731,8.755641346603582,0
-5.5410337406546235,-10.128340982522802,2
7.033413067384656,-1.1186736817094116,1
7.778342900215156,2.547710948719198,1
7.3645294797798035,0.7123775263693206,1
6.480930151495456,-0.3411843592616024,1
6.557696256800746,0.02352970388386111,1
8.577928698801637,-0.5816038762043994,1
-4.260804933918312,-9.895371605515624,2
-3.77083709572267,-8.532279981991756,2
6.721627960667796,1.3979138775170652,1
-3.7024787740862513,-9.917209682277866,2
7.688323333379926,-0.3724630605619542,1
7.553033522622914,11.857061051517427,0
-5.38891405323016,-10.461564332521887,2
5.9701561271725705,1.1601379625268948,1
8.57708149549941,0.013287384551449843,1
-6.333780700593731,-8.890326074041408,2
5.926606976059814,-0.10115651193285624,1
8.206521361408628,-0.18790587747842957,1
5.814825144587097,10.582520392706808,0
-6.213021374465274,-11.394147198676361,2
8.008997515954228,8.858210631335801,0
7.781380435937886,2.3863996793549402,1
-5.477951888267001,-11.026791520097476,2
7.316132875354964,0.6384493330482276,1
7.861940632557882,8.796508559021325,0
7.333917136962134,1.034616128212505,1
-4.359200546070272,-9.078518772760981,2
6.976465833949504,9.593371595141903,0
8.231847572690446,10.847693186232384,0
5.6335866715385325,1.3050361734188594,1
8.317930019011502,8.129727053740222,0
7.270558055209255,8.633104122418523,0
-5.275571451474492,-9.269518544689163,2
6.345261255285186,8.706777786834534,0
7.37044117733507,10.127437003313517,0
6.470337776876818,9.60275985689989,0
7.907786576974749,-0.550945705631587,1
7.020378882832865,9.256440634675762,0
7.08282798366225,9.719213310489213,0
7.54671312173482,-1.1045908264125623,1
5.628039515911944,9.775854429467904,0
-5.3504815049154155,-10.375439362885777,2
7.373285717648818,-0.23492588065565423,1
7.637847646993671,0.7314403000715709,1
5.55451795111377,9.870899985265504,0
9.124956238350814,9.389740783381063,0
-4.788284224959338,-12.658248276723475,2
6.093822816447005,9.38044447288155,0
7.463039187323793,0.4884271794740449,1
7.295987364913694,1.5566716337892283,1
10.01367527325689,10.520894533766764,0
-5.417838416779493,-10.029861828038554,2
7.490183855113203,0.321064602688287,1
-4.339489719475414,-10.945506215717515,2
-5.6803724811904335,-10.551318302034725,2
7.639447064094307,9.992765901544088,0
7.663201183855386,-0.23828126650782544,1
-6.052136698480914,-9.4604821279466,2
6.458167173971033,0.2483597907489281,1
-5.700586153633918,-8.463059025695104,2
-6.149291050376046,-9.97610062151191,2
5.172096481634161,11.78064755976018,0
-7.502235498212071,-9.68807849150301,2
7.327400012854258,11.343591250158944,0
6.437531237102052,11.278522265612965,0
-5.519785931901141,-10.388717423439548,2
-7.342354602951353,-8.369635918817087,2
8.47143046352421,1.7597333801846264,1
-4.081704836932362,-8.952408739780829,2
7.605835700796962,-1.1144643610473202,1
5.609576741081202,0.1427705964218895,1
-5.485928793136111,-8.116851122990234,2
7.826673430368865,0.31910585901897615,1
8.05333078482792,10.854081073735355,0
7.332552500561108,10.080958360795938,0
-6.228268193552395,-10.894468663090404,2
7.535525728157194,0.9719572463802888,1
-6.862043060418389,-9.990606532760545,2
-4.595723841980412,-9.512611721780459,2
-5.333284525945642,-10.104598874559091,2
6.165275279627693,9.523134378442096,0
-5.448890458158401,-12.12900891279915,2
9.393491344962658,0.1746036128460673,1
6.843714977222564,1.0374410327436427,1
-4.306666154147707,-8.86491371459702,2
7.327421541269232,9.836794804405047,0
5.906903848361997,2.514460235337645,1
8.828379820932483,1.6219197122559978,1
-5.810102446060017,-7.70615546066119,2
8.759721171599494,9.129311482313438,0
-5.125584849866909,-8.374726096178193,2
8.335949496394617,8.224382627605994,0
6.4764601752236155,0.9025509353757348,1
-4.80685704061601,-10.655746281319171,2
-5.205838430587853,-8.416771420955905,2
7.079786441337632,7.814277469415647,0
6.461068367066655,8.420254759811591,0
-4.166775165567055,-8.422034048819985,2
7.75489030052612,-1.0259717762333598,1
8.809962126179027,11.902170099841362,0
7.312942959419803,9.921663312724965,0
6.956842099278299,-0.6492197437196958,1
-6.288192038204819,-9.226247290051456,2
-7.2954733710749515,-9.777865383850237,2
-5.960753507457544,-8.704856176899794,2
7.154961102172763,-0.7919350274093453,1
7.120107196966859,0.41294141256842515,1
7.5963509531288285,8.01979549661592,0
7.402927027731533,9.162177021686484,0
7.513925831502502,10.21349042817773,0
7.539258148304198,0.6436717972386053,1
7.3026800411156945,10.595789349327907,0
7.224253058236913,0.18550775054215524,1
7.86019770170369,9.217441748468786,0
-5.490867040732685,-10.71384378987631,2
8.004056305852087,10.536953742792356,0
-6.3687865530018,-10.714968451587591,2
-3.9834134793610003,-8.38563098300249,2
6.100713556114664,9.290077038478154,0
-4.597495147807439,-10.800533721060425,2
5.850659579895684,0.5390315890221393,1
8.553081865382369,0.46736701468106423,1
8.34862546140349,0.7865798610679247,1
-6.117929379147853,-9.397125104119896,2
6.453712652516023,-0.6378916566445434,1
-3.9104439037744796,-10.839084525834332,2
8.637169090785644,9.694663173571385,0
-5.755931855142355,-9.07388114568406,2
8.40464989118707,9.344695631145997,0
7.715851097793715,-0.03494253997807539,1
6.372830325191911,0.683004505593647,1
-4.9863241309682715,-8.476808638227293,2
-5.24782477303235,-10.632128299637529,2
6.9313170134261535,7.894247337172106,0
-5.072003025383438,-9.358351063510362,2
-7.254513196418231,-10.575843888571193,2
-5.797878894475083,-11.394673713710612,2
7.084129280420368,8.926111160214678,0
6.4825890658140635,8.882641158721292,0
-6.125257724016928,-7.784590511514304,2
10.14522760160747,0.7845363599554895,1
-4.862663398790933,-8.733772078152622,2
6.426264453775614,2.4696573626488876,1
-4.611685792542098,-10.45546958685124,2
-7.034355739215824,-11.02406813268842,2
7.069297627517594,9.526023290860465,0
-4.961985204228338,-10.011090178314758,2
7.331433931302497,10.243415904999068,0
7.090229485467765,8.579197984922303,0
-6.238979091365709,-11.133769928759554,2
7.4934130989870384,11.008923557354521,0
7.334904528778527,9.639423947973851,0
-5.531048333317931,-10.962885830229322,2
6.624326433443788,1.3609364214938737,1
-5.6115523907436184,-10.734894849335253,2
8.383719686002486,11.168507800793938,0
6.339747542115221,0.7042886355840547,1
6.949924651368948,0.8257300038657887,1
6.493335870694421,8.848036464943357,0
6.112719045969621,1.8464188212308825,1
-6.16160449403598,-10.939588078248464,2
7.021173798406268,0.35496314980906996,1
-6.150842980317804,-9.421857616404882,2
-4.541039457830153,-8.360323361151936,2
8.805752628181718,8.409936708629854,0
8.904329574738856,9.135768439801607,0
-5.277754571567925,-8.7273645459202,2
-6.617340777081746,-9.145690502085447,2
-4.798225066556853,-9.0465434416882,2
8.399764620521537,9.256825363424118,0
7.754309955875382,8.99861425146505,0
9.420773371173627,9.170289979744124,0
6.95941728587358,8.592999938064438,0
-6.007093864676621,-11.93033468375413,2
7.774227736453339,1.76912645957244,1
7.723602612506468,8.686384495116586,0
7.84402130307111,10.290604026088724,0
7.6575014586735755,10.543870658005133,0
6.96107808863899,8.60128016724687,0
6.34639658368311,9.112323329191586,0
-5.506717887869093,-11.036561774886579,2
9.29972817199365,10.574972145796865,0
-2.6568113219910554,-12.042411219583618,2
-4.530663346979659,-11.069980309252827,2
6.765258792640793,0.05560471154915314,1
6.50079390933216,0.6673444727956853,1
-6.458527301556004,-10.284117392610158,2
-5.412022749317398,-9.237468697173346,2
7.352660355194061,2.2288098346755794,1
-5.033851168480721,-10.126491066493996,2
-4.65084231336054,-9.536424684731413,2
-4.406208632778492,-9.095040035172813,2
7.30906107958316,9.183308122666693,0
7.732447992431401,8.86413952698258,0
7.128514324547483,-0.005098508927101175,1
-5.577961345565132,-10.14147840060818,2
8.062160637969415,8.713843739370239,0
8.495852055219727,0.8272542178161459,1
6.376569537757382,2.1739883568271727,1
-5.319390496218105,-10.364531464455512,2
7.234011252111879,0.10617499565691646,1
-6.3780300171009365,-7.924282932198783,2
6.120522790631114,9.640647666149825,0
-5.015677308976211,-8.25681019482371,2
6.095929045968829,6.519289170186312,0
8.263415695184726,10.34723435281958,0
-6.278333510196454,-11.175009476484167,2
6.701210408156818,9.901730772544148,0
-5.785706198588469,-9.187364490972966,2
6.981911578050738,-0.863220182703643,1
-4.75317627862774,-11.572926133010359,2
8.147293920998827,1.2937138271313022,1
8.557122043956866,9.64483943345044,0
7.345902287461174,7.697375691392089,0
-5.269840121063616,-9.665815796374275,2
7.97296393179981,9.303107578156311,0
9.563336481569348,9.515923021006952,0
9.174138383389788,-1.0553582652053626,1
-4.028064211427367,-10.299181851707495,2
-4.944625237964091,-8.555301449053967,2
-6.002011674523985,-10.964476043925956,2
-4.93081448700111,-10.73401035695155,2
7.050450591882654,8.73881401600098,0
8.962494792030821,0.8155053615528928,1
7.965133074604829,-0.4165732036989265,1
6.04970738895287,1.1038934843943977,1
-5.709134362586614,-10.061446441174546,2
6.673455281278217,1.184049923877406,1
-3.7336050411395436,-9.310662768246916,2
-5.384298854243657,-10.241075553620403,2
8.911112187519729,9.149332645486815,0
-5.458496761042055,-8.812315443297551,2
7.514634036401252,10.141075882587955,0
8.65722565853182,10.567352354512591,0
7.297254734288373,9.993720247685706,0
9.724774933659015,1.345076819082899,1
7.49501967859058,1.3359759234900261,1
-3.113030909564229,-10.1734652530381,2
9.61604304889708,0.34356106389979957,1
7.321916122838196,9.610742414524646,0
8.529917941237391,11.017382610888877,0
-6.5146968773740355,-8.764652681683055,2
7.307783189339022,1.0124891426959548,1
7.743712760144039,-2.045012661787091,1
-6.489223306163745,-8.039382640994369,2
8.818548507853842,8.458093040933473,0
5.822597951012563,8.88727230645335,0
5.9786004376351265,1.0188813463200035,1
-5.701327992394022,-11.776468633326912,2
6.603466195319238,7.384882276543259,0
6.613467772780632,0.9882973091235292,1
7.102170122638735,7.5335314493593595,0
-5.339592014449255,-9.580717740532293,2
6.846036207317981,0.27206771726719764,1
6.023672851939418,9.945848986240046,0
6.119491726971818,1.955096627463438,1
-6.918895739740796,-9.60150928398473,2
-5.6779904656027185,-9.871077732954912,2
-4.3764110956247535,-11.792379399295614,2
8.456234011896452,9.741804387031742,0
8.725786964984321,10.34691678315044,0
7.601492626794556,-0.04278593779295081,1
-6.274883691014861,-9.97051196289391,2
-4.676061850391839,-10.175342046813421,2
8.570374568555511,10.843676402953966,0
6.534239698666864,9.455323410435087,0
7.532285112019893,9.877502922620657,0
-5.432777374487223,-10.530242564791724,2
-4.935162697529859,-8.89235340817902,2
7.680644647362246,-1.2022533880382296,1
7.220098356219611,8.11418675776941,0
7.3343714700514235,0.05756597137249553,1
-7.508463857247687,-9.951800504750686,2
-5.458505554124641,-10.814412802373406,2
9.127752609234273,0.5001449341348683,1
7.150133207724267,9.52893935491138,0
6.807832843564635,0.08882422273559087,1
-6.048644991211281,-8.586050252908414,2
8.324331023816129,9.133082479570454,0
8.894646056687815,10.298063970155248,0
8.371574394275559,1.461121059737232,1
-6.317414667999855,-9.059940068254043,2
7.44380031235104,1.4908555248510436,1
6.584020797700918,9.003256641725718,0
-5.4124680781556105,-7.535161956014015,2
8.166823012904647,0.7128652614178879,1
-6.390351677954062,-10.125306742131935,2
6.64376337065603,0.8928323014157047,1
-5.964688830369292,-11.245345168323013,2
7.946235377103866,8.02372264023768,0
5.055547683825083,10.447916417504597,0
7.988133325193201,9.780335621588913,0
7.891672008298327,9.359525811644351,0
7.497120516202824,0.04756095054884868,1
-3.561036158204566,-9.540943385936917,2
-6.782030964579505,-8.496161015287415,2
6.890788892476584,10.61298901682553,0
7.097004330556442,10.144917919844533,0
-3.7626605011817933,-9.232599547643256,2
8.943024149738253,8.407216892101939,0
8.204091050240246,8.701913614345015,0
8.484343232056029,1.2784993304120977,1
5.284357735533577,10.16972385386114,0
8.948627070088115,0.9244565692317495,1
9.199313087124082,-0.08004865707674458,1
7.584237253535643,10.701243878720067,0
6.596820638410611,8.020069388218038,0
8.393407240045168,0.7186788876780772,1
7.348930123606269,10.217973303197589,0
-5.362957279204535,-9.738189882485184,2
-4.657307254779066,-9.702588064649493,2
7.743375938338276,8.583588230137083,0
5.499532131887836,9.043844937885712,0
-4.953867757604246,-9.50523666634204,2
7.890645942118652,11.464336791479035,0
7.7992570272451625,0.24712715776508382,1
-5.183074780455377,-9.184139361345329,2
-5.391863794960971,-10.060892445209497,2
6.897038411334673,7.9808100888924365,0
7.675374241326186,9.588135983615501,0
6.799474844862694,9.166517780222986,0
6.308949077853127,1.3480156573483124,1
-5.756374787007719,-9.430653059349487,2
-5.74249389403809,-9.126972679026977,2
6.556864827036305,1.1216407180381847,1
7.205078207738282,9.1870119032119,0
6.967768048485153,10.134154534947147,0
-5.679656407530383,-9.973638179691843,2
-5.5820819641689345,-9.973993135646221,2
6.346814725561926,10.330756423082127,0
-4.757642239048558,-9.917949432494174,2
-5.0857548006735085,-9.654618475504648,2
7.970490011706938,9.541129473650141,0
-4.314443680864304,-8.328957099304212,2
6.6492605835204905,-0.6210898680997587,1
-7.754657409393525,-10.312117788585374,2
7.965683567900814,9.637102991251473,0
7.84627926018731,9.886906562724041,0
8.643724091316727,0.9547364635574511,1
8.560337849429144,8.147357867063114,0
-6.40539440134018,-9.457984069630648,2
-5.450495959914299,-9.449539391271086,2
-6.215979121608795,-9.851260476832934,2
7.404672246622391,1.0418712529297411,1
6.725046622109628,1.0330679215635241,1
-5.196298678016863,-8.98100257671759,2
7.3508096152606575,9.837640230913772,0
6.877701458008548,9.15786210269019,0
7.418978542594905,8.589611474572054,0
-6.595095012806117,-9.108621883339696,2
-4.0110662368117795,-9.44451207015182,2
8.017460403945577,9.397055842292033,0
6.70727256001126,10.797930083167728,0
7.618604762917894,2.266711653741716,1
-4.095041933866699,-9.091207071714587,2
8.153571801731621,0.5582459327207505,1
-5.5464567278860315,-10.486774194151893,2
6.967678665264898,8.962252297311142,0
6.505858465308766,1.977661148847161,1
6.629342337739841,9.653572936342375,0
7.022891829888777,8.213705257348355,0
-6.1617534323362815,-9.318810368465343,2
5.918844875123007,0.22227151256954863,1
-5.6334465281683945,-8.015166538611897,2
-6.981159420936302,-8.907409206170097,2
-4.076768237083315,-9.777897770290329,2
5.936331819872673,-0.30495270742436853,1
6.558192058720582,8.847932387351088,0
5.848518297628989,0.0373693917828537,1
-4.961700342109836,-8.181516821714839,2
8.005995102153136,9.533883893885832,0
8.130275825869674,9.894843874460522,0
-5.959323185143776,-8.242238138545101,2
8.936724595449965,10.096005814158842,0
-5.084575646878069,-9.882638983275578,2
-4.754899141230879,-9.439094413407416,2
7.242110009194772,7.485068713755573,0
7.544678415159785,2.3616238049777643,1
5.389978581956688,9.048110161978888,0
7.137601325463256,9.843454635777737,0
6.380929966163367,9.195355308501354,0
-4.421515692669122,-8.56787762712533,2
-6.455012545631904,-10.012847458887242,2
6.918209162572948,8.709618730192531,0
7.704762651425062,8.75745028706498,0
7.717888014773022,0.1061035381805473,1
7.727890016993139,0.44455519505173285,1
6.711353234439589,-1.22967908588226,1
7.084988605896156,-0.08624893438395265,1
6.1939996316612485,8.197869541549899,0
-5.736992393915082,-9.117261093170479,2
7.3116992451560865,-1.0486070001314491,1
8.093596287495556,-0.9646886249279545,1
7.524112680110249,7.759860003424057,0
-6.003248228610276,-9.406918955473563,2
-4.7036358141798535,-10.883030927809596,2
-5.861519563092501,-9.000406728696216,2
-6.407179453716199,-8.735122388257775,2
7.940733558157454,0.8022576012600788,1
6.182987526810138,1.692512258446408,1
7.870920430387193,1.35988089268842,1
-5.742212689133729,-7.8508022854150274,2
7.668771362971273,-0.46567763206976465,1
7.27155101761837,0.8874994995952438,1
8.104677691135747,-0.2613327520497303,1
7.558501385521487,9.748163371310632,0
8.148873277202195,-0.18476911781495065,1
7.924096066069108,8.644638392047174,0
-5.015243092451938,-10.208481959461231,2
-6.718965707883148,-8.684935986640536,2
6.045841086426202,-0.8756859768943619,1
-3.8507602066994586,-9.77385519008816,2
7.5557311977757164,8.758944702134093,0
-7.176197015552335,-8.886873045369624,2
-4.829673948769503,-7.897705348119636,2
7.020105068284552,10.496382534935785,0
8.480213253673869,-2.0988668211139734,1
-2.6520882700951915,-8.97736667179408,2
-5.471600310071783,-10.144040001656734,2
8.489377711849958,-0.42926956980123765,1
9.19242713000974,8.684329014447417,0
-6.284682879590443,-9.976514985847741,2
-4.9124054793877825,-8.203437740464725,2
7.692699956039019,0.7661829492068684,1
9.311659486288544,2.3223630928832772,1
7.3649050960032945,8.998596572905837,0
-6.13896085041374,-11.010655227871311,2
7.43676842663263,2.204487398684053,1
8.256349034327643,0.0009731405416411043,1
-5.939770512171451,-10.095411273297534,2
7.136341605163052,0.4540602973920801,1
7.193336928182956,10.484496879521036,0
-5.423995701487379,-8.710141362228732,2
7.428813522758255,9.64787208323122,0
7.546140673511918,-0.42822441320950233,1
8.210425135539577,7.852069624077895,0
7.612279073844272,9.446362697754298,0
7.141903175607295,3.6304189383990835,1
7.589561079435551,0.5531619864879608,1
5.427955365181848,0.2044930558699009,1
8.719129639699466,10.092258460474183,0
-4.344676064515162,-9.06752386803986,2
7.933947476518043,2.6083713738648937,1
9.923912258237285,2.0037258517620713,1
-3.865754930049715,-11.023308393881482,2
7.325143008735741,9.825415659478276,0
8.011419197557926,9.201929937771945,0
9.815085570318894,7.289989849446281,0
7.846588318918604,1.2763096826362592,1
7.173669183144248,0.8649250868639855,1
7.052308382018942,0.7992579915670668,1
5.93435175805539,9.476117339351992,0
6.796196946332147,9.01744680158322,0
-5.092913266515007,-9.486213494510986,2
7.650103465076294,0.3783259540734585,1
6.487391973060022,8.838653105588971,0
7.70215053579137,1.8443443182755586,1
-4.693377967003972,-10.502001237750509,2
8.839114864702085,9.599352429443204,0
8.255819510385814,6.199873472935455,0
5.558640724936957,-0.2833923938347348,1
-4.064788652917459,-11.36890780941622,2
8.50049461069633,9.121478552184868,0
-6.09403957101593,-10.29924985707109,2
-4.077160099095233,-10.188173749768719,2
-5.043105301250815,-9.405180893927714,2
8.764664971977366,1.9287265021969329,1
6.666179777530832,10.621167762474307,0
7.415465953879694,9.724758371838798,0
7.643292902882376,-0.27411936248935,1
-2.065010089979182,-9.372874992395735,2
-4.647123099652112,-10.00808887529982,2
7.0509205959355485,-0.1050078640153671,1
8.330848994763674,8.726836202256164,0
-6.035027004136144,-9.105910807558491,2
8.33140342275181,-0.32809321294031235,1
9.156683092959971,9.594598875233936,0
-5.784795062384747,-10.001442683911195,2
8.259500267284736,9.078816493803865,0
7.314983405977431,1.4357235992795658,1
8.29517154948362,1.6925571620325732,1
8.453634716789017,1.6550832326741791,1
-4.624146295889912,-10.36111818503026,2
8.245761857287572,8.386416743711173,0
6.517451921798374,9.70095734327137,0
7.603869793685983,1.9345572723489484,1
-5.882340985994433,-8.878466779715824,2
9.083646343672907,8.577780175259033,0
7.734932283832263,9.481943576346382,0
7.964815921930528,8.039146587578905,0
-5.202712044084398,-10.485412886946591,2
8.282987310628389,1.0960131523923353,1
8.53691575464524,-0.27220744559102805,1
7.577357311203285,0.09798151916066977,1
9.063055276371832,1.6324575369356256,1
-5.113907720498551,-10.208433835316521,2
7.406887203227122,1.3718803183595762,1
7.165127520575466,1.0384999242841995,1
-4.377416143623412,-8.235112291105679,2
6.131165679325318,9.501550492085023,0
-5.413733757463541,-9.089166494752575,2
8.110486744053969,0.922050957832366,1
8.209892199464038,10.425294201940035,0
8.47634026883363,10.661468659609172,0
-4.3967058709286215,-10.525182752504252,2
7.100425312666598,0.2969966452192685,1
-5.601702517098994,-12.001775886258725,2
6.484657241286529,8.829499465517904,0
-5.391507552149904,-7.530461193360074,2
-6.255529434627063,-9.603624003165868,2
8.475971420220253,-0.3099117264149033,1
-4.160146130157231,-9.1288570474868,2
7.991589547342404,0.206356629234496,1
7.511014118538502,1.342335278509736,1
-3.1876855523330234,-9.978846349292745,2
8.161114639195306,9.4767259386032,0
-3.558718352435597,-12.08497834283384,2
-6.78997335443867,-11.019424690651931,2
-4.632709087895228,-11.131712239831046,2
6.74666574595919,0.3648238976761217,1
-6.633939921766415,-9.719535832597046,2
7.440504691753237,-0.6626910917044335,1
7.768436237413441,10.316968928359707,0
8.98344372020893,8.371971602944328,0
-5.69355371444558,-11.636320028911346,2
6.2043174282753935,8.968977479239292,0
9.115122784263319,-0.8572985924652332,1
-4.4109290058883674,-9.655237913396322,2
7.542139601835854,9.146221820782435,0
10.036978169130514,-0.14418872416649642,1
7.405819691089473,9.538803650189077,0
-5.0854525120697405,-9.070373737135531,2
5.674807114224773,8.366011374525089,0
6.393715101813597,1.0799152268337815,1
7.541789593853227,0.2891818783046643,1
-4.77883869521118,-8.865807645611135,2
5.942055856146272,10.507683327709145,0
8.607395041845688,0.7444364124148333,1
7.468375023048952,-0.370395213520876,1
5.381664954815741,-0.8150232299326823,1
8.459708694685816,10.819171179328116,0
6.028262888054213,9.362946020753519,0
-6.461112296549261,-9.286982246138507,2
-4.498478981635463,-12.269968306451693,2
7.585959833574398,9.37886943179718,0
8.531839707095271,0.519747314202431,1
7.220951917318899,8.065444140013149,0
5.87877484867337,-0.25326446134908775,1
8.564814232346611,9.444920688789935,0
8.281756649461625,9.023810556975217,0
6.883545777975707,9.133488310111872,0
8.603578570646214,1.8842592400435412,1
8.887156944307462,9.691329742685575,0
7.601887081666246,10.0690234341535,0
6.582628535058894,-0.6656700753434197,1
8.532490135838472,2.013988309215832,1
7.815725819070164,10.580497131267746,0
8.262899733095793,2.4157463495661373,1
10.279542905833543,9.825505656417928,0
-5.708849178546446,-9.82259946714283,2
-6.492893513445634,-8.736856642224062,2
8.504386831346507,0.6307449388680028,1
7.375233571125065,2.6646827166683695,1
7.732811641663545,10.490957779178181,0
9.393895802346986,11.217156889485139,0
6.703206867640241,-0.1831380576761822,1
-6.016727234330181,-10.562042230487883,2
7.105385517272454,9.289557662316692,0
-4.405522055774838,-10.814942727166581,2
7.03275628429459,1.084003272880637,1
-4.5507425939269375,-10.182655224447142,2
7.1843253249613515,9.319219920986189,0
7.614899101287087,-0.8369598287977023,1
7.437052160991027,11.39232259760058,0
6.161095838916304,-0.13619632240913404,1
-5.95476390494033,-10.525929682224035,2
7.138143577025412,-0.6986469537298445,1
7.564759624459323,11.247628676699287,0
6.855831974929691,1.3852877286224707,1
5.689991631888974,7.716469934971959,0
7.613424184691632,8.785468179808046,0
-5.475500214051594,-9.695415045622184,2
-4.771670495588862,-11.701823235794446,2
-3.9751227389899877,-9.699459191460786,2
7.1162204923664545,0.7040896173632892,1
-3.9483442863292026,-9.644605078422577,2
-6.429249488395307,-10.597145941452656,2
7.583475197800112,9.16847211069175,0
5.923319757314905,-0.8112548300622335,1
6.617698584095479,0.19926167433605746,1
5.829173407315055,0.4135645235252462,1
6.285160908503309,11.287176866954118,0
8.508479458070768,7.7997396090303335,0
-5.8861811128609105,-9.55227627239793,2
-3.889428801128173,-8.544980445800793,2
8.01821744316732,1.0751397630488495,1
-5.133998706184097,-10.235774795878772,2
-5.5925691758443,-10.046524093536215,2
4.333668288215691,10.510346756712527,0
7.695706559418399,-0.0704761136008194,1
-6.83659771097211,-11.816106549288994,2
8.034405058811604,8.380292975909036,0
7.4070196476711985,0.2311949053601336,1
9.196424224416244,11.575369540974775,0
-6.219078410350166,-8.501906698691748,2
6.015169073810601,0.5299685879748379,1
-5.3309104307648205,-10.310897460454367,2
6.418958968681232,11.451350120439152,0
5.8071276137891985,9.959685509405103,0
-6.274865432089435,-10.270776896159507,2
7.389896996279829,0.28169151278395854,1
-5.075951014799886,-10.386047341197738,2
7.135790570146837,7.58923120365543,0
7.730045874920727,6.862641780220532,0
7.837261600062347,1.3264800534017307,1
6.958024591808848,9.199246113082749,0
6.544669350757756,8.690372423652121,0
-7.0734544796595955,-10.455070429496255,2
-5.219211433457539,-11.14354088451655,2
9.560996730186302,10.662908156574321,0
-4.496193537783112,-8.97377844469462,2
9.444365823119304,1.5177593411221488,1
6.446287110754634,8.737287102277955,0
9.152218643711421,9.444449922356874,0
-5.756934273471128,-10.774538865622409,2
6.156585122845603,0.7442678934855008,1
7.842251883312536,-0.8872165849186151,1
-5.20317649827397,-8.905341470566626,2
-4.71329070499594,-8.780731448858603,2
5.904061230249564,0.8653084884552122,1
6.861970412145849,0.021028879314438642,1
7.146066008396695,0.9682947204892025,1
6.808377269916067,10.322440308212624,0
6.273289542799441,0.1480535259140464,1
6.1874663995199635,8.72464241971528,0
5.529725573305497,0.27314171376731816,1
-6.577963682122349,-8.939473649971623,2
7.361307822322313,3.2165677858621433,1
7.401333186992033,9.393628139218002,0
6.793192176884651,9.036795244693243,0
8.405192255722419,-0.4143234789690209,1
-5.879394502682356,-11.060499073278638,2
-5.310222720412502,-9.694128323247092,2
6.197312841903489,9.435575991076153,0
-5.656075790123294,-9.218868298524919,2
9.211253513169044,1.3400452311740054,1
-4.783277436237068,-9.99519747600124,2
-6.686730218181377,-10.249327106279095,2
7.1232911975278475,3.252803476210373,1
8.6880752364609,2.0074750700086588,1
-5.511409826140415,-9.997978964019804,2
7.852795700413333,1.2766387542484101,1
8.024041126803123,2.467372155804953,1
6.268359271500684,9.347651742446532,0
7.403149150013054,10.423424370349162,0
6.892608939434613,-0.7216918217523296,1
6.4770564402937945,1.9766557455338813,1
-4.35653140384737,-8.272474149722289,2
9.674867531950778,9.338118978343378,0
-5.287124847356007,-10.75034173387066,2
6.4491735335432745,8.991193930336449,0
8.671799560040983,10.415388347148358,0
-6.1270099666004105,-9.345777170355701,2
8.70688264437905,10.689495211700994,0
9.515117336124291,9.44096475249529,0
7.307495430563767,0.3611692401872683,1
-3.7823176569358883,-9.605508653849226,2
-6.319316717328208,-8.916202450901173,2
8.080346047745621,10.02847377227517,0
7.073470584128913,1.1025967330513202,1
-5.4203920914639605,-10.612622525836972,2
-5.872515033210928,-10.056160486183941,2
5.928316239483141,0.8051082817611483,1
6.119032227250539,1.2141288611972245,1
8.815718401780952,1.1188680174043337,1
6.8604788391496925,0.2857266424831177,1
-6.900842366104544,-10.654056078381284,2
-5.890527266839661,-9.921732793339164,2
7.098830488265103,1.0760797854249926,1
7.803583960272096,2.3812883216661644,1
7.608822596078066,-0.04601746643711113,1
7.366256631201981,0.2622673120506677,1
6.664437481400463,2.59133230556787,1
7.613987942931803,-0.6460697624197467,1
7.759294005231102,1.912479439226449,1
7.646556688933681,0.744599100506046,1
8.761443863579307,8.827184070465089,0
-7.92345703632275,-9.497386049699637,2
7.069227987102618,-0.5531949659712687,1
6.414289675869854,-0.9950721123712014,1
8.764907668651523,0.1443565342759367,1
8.181339343396239,1.2243958359539895,1
-5.591013858755547,-8.569072632284035,2
-3.8833014696047936,-10.998590865354627,2
7.542578188845107,7.0240301936563565,0
8.437819170433489,8.956956569433746,0
6.2467922802439,8.480445057237548,0
6.922931235639833,1.8949713385771125,1
7.985719659693921,-0.538933484472875,1
6.975589675645482,0.3690706236130648,1
7.6025272017812,8.989623865197585,0
9.02255525476423,10.067779007846225,0
7.188368239662902,1.3359468242767627,1
-7.39440876163806,-10.363821305118417,2
7.345593753860226,0.2424301709787911,1
5.701682619647187,0.2544984544425044,1
-5.382500377466551,-9.710263353250351,2
7.959323157220852,10.265798134075027,0
-6.520559884981825,-9.045689587258927,2
-5.407528152954326,-9.586307470731015,2
-5.057504726674562,-10.087279334026919,2
-5.295801877386358,-9.065394200488438,2
7.390037242829448,0.906630085109055,1
8.55277183245462,0.25220849883879226,1
-6.732605990897504,-10.3247759879549,2
7.469969216991874,8.449353229479671,0
7.592402557668295,3.2217458468054283,1
7.559372095860236,0.40915589422568593,1
-6.050944667944765,-10.547610547910228,2
-5.767603924207527,-10.217402487643351,2
7.074771719217894,1.3032517080223445,1
-4.56025082608697,-9.67978367741848,2
-4.1669325379888855,-9.649532504649608,2
-5.273060653063139,-11.650174456737561,2
7.502475511670674,0.5633642401272836,1
6.674182312727437,-0.7688652056873151,1
-6.134453793481497,-9.138795976529506,2
-5.436785980591519,-9.027444182086512,2
9.631151928380447,0.7371764411701921,1
-5.982609566365879,-9.19618079050957,2
7.791566025212329,-0.642177932496909,1
-5.25500834811579,-11.371719921284605,2
-4.76052725000144,-9.228160805340167,2
6.787808317216626,-0.5582976448857202,1
8.611882246740148,3.5130489763401096,1
6.190061075919628,10.036965677551725,0
-4.935047205342378,-9.296191304219883,2
3.909128391335498,8.100093973917982,0
-6.738979378306961,-11.13942186009419,2
-4.500386033705193,-10.959975368061741,2
-4.716531735389646,-9.42853578688974,2
-5.218802893625344,-9.801141298963994,2
7.405659325970529,8.829244796431713,0
-3.722597992829921,-9.894775412145053,2
-3.7307015635014675,-11.205411556401497,2
6.69567137098613,-0.876037011413644,1
8.005580659499405,1.8811683196595081,1
6.853442254592386,-0.14890394149785757,1
6.1205588295287034,0.9689628654530689,1
7.891916092433065,1.437283689880329,1
6.936188113417867,10.321692184307421,0
6.540016928790596,0.8469355963366489,1
8.292819895098065,1.9029568888328234,1
7.771020644279078,-0.3812010521791668,1
-5.569166175553271,-11.25828619779875,2
7.409347119036798,1.552512989673607,1
7.515899092800294,7.756087759397815,0
-4.799337453534345,-13.590280223543248,2
6.815867562288986,9.962567807635901,0
8.328136165016698,9.140024260933055,0
-5.889004004901797,-8.684008148709209,2
-3.9600965243665476,-9.815513117279565,2
-7.638896674077057,-8.726739231769843,2
6.135798757336527,1.1440276081065792,1
8.355842605460001,1.7733618024544553,1
6.983759982366951,0.6711541795951917,1
5.316819139005786,0.7519663102133354,1
7.612029295911393,9.028169223872805,0
-5.2387529811795215,-8.79737662725559,2
8.349375653011343,2.13330584203062,1
-6.867910648570184,-8.668103869667252,2
-4.6673670715726505,-8.887506301385386,2
6.704580861616029,0.9005529110681225,1
8.20316159490136,12.013756180960826,0
8.823202369345484,2.5549979093941273,1
5.879157315966037,9.7436473239259,0
6.174010938137198,8.417496377191858,0
7.571393538545088,0.397259121004556,1
7.298034144983657,10.2642451247603,0
7.09675787684319,1.4109523703604077,1
7.5342441176735715,1.1205292031228806,1
9.95405976991643,9.517722896670382,0
7.80361128347518,9.745612644361906,0
6.58341964626203,8.426786794386613,0
7.883571427924204,10.939695145994671,0
7.269244513022398,0.4535915231823126,1
8.663614343070082,10.042175699524595,0
5.648875673981875,-0.10956470883199376,1
-4.562972287944919,-10.76707056333143,2
6.417630449332846,-0.30134154620926545,1
-6.436185743684628,-9.828883428358882,2
5.715572309390416,9.750438195205753,0
7.811244360826873,10.792515394702823,0
-5.954220807870637,-10.083009862890961,2
-4.491808053782855,-9.251026210689563,2
8.446535833036474,8.177097198824901,0
-4.51829136286369,-10.789444864100512,2
7.2540729482878055,0.9325164929602017,1
7.396345937007458,8.901965589004742,0
-5.401468937452679,-9.526436634820552,2
8.635642393396344,8.674557272246311,0
8.190280193608158,9.192136202669216,0
8.234514318768719,0.8972643593236669,1
7.515766674183291,-1.0815190364245866,1
7.460747976932024,9.765378503932247,0
7.630271164581405,8.69797932934509,0
8.210991013233034,-1.0726694287454566,1
5.881799599157463,0.16640579137433992,1
-5.108546848287991,-10.455639460770202,2
6.6907485538127185,11.951698372040132,0
5.915682995094313,1.0763688443071078,1
6.8416339564977875,1.7694104398832118,1
6.000561743408174,-0.08898954782869029,1
8.226003102380265,9.640270273496814,0
8.782185340272449,7.696247365244817,0
5.914146506360506,8.244433571816877,0
-6.662126137992129,-9.608685824363299,2
8.328377242210898,10.252653630118115,0
6.934385647425344,8.12540428879328,0
-6.151198979057962,-10.806419883217526,2
-5.040767895199837,-10.763456230425058,2
-6.309402308844819,-9.933445491327785,2
6.604967067535009,1.2307018792799649,1
7.980476345605077,1.552361547779423,1
8.482698736410622,11.593414524942265,0
6.771515869254775,2.82768070105974,1
6.698194619395197,10.50100293686818,0
8.403215467290721,0.4125862868074218,1
5.598788697234291,7.591700220274871,0
8.86161132844267,9.88867706882888,0
-6.099271101232931,-10.136880684584382,2
8.677279162956419,8.463473359269983,0
8.306249577889158,2.083231105526578,1
-4.749306048029751,-9.713703748834257,2
8.868524044609027,-0.9468405950153846,1
-5.621852009012548,-8.862731096080122,2
-7.161339707853785,-10.781941510502799,2
7.420049129148296,11.697027646428674,0
7.322709016252641,2.139287857505041,1
7.93217275982976,0.5843841862590389,1
5.845617546941646,8.408799245280285,0
-4.546978139827678,-9.559988404017696,2
7.736740968528505,10.828553875100884,0
-4.617010942128589,-9.648559833197563,2
-3.4864017487955214,-9.257669217594684,2
