0.06277739999780321,-0.47714237637909523,1
0.1588887470577083,0.47627540303302124,1
-0.9037535121572722,0.3543368960217546,0
0.42819189006327657,-0.9239658679910606,0
0.24280306760673923,-0.43462442702342124,1
-0.5304375645808335,0.15243698248940066,1
-0.8320558523731643,0.6700442550569907,0
-0.17785905793976725,0.47613716480483104,1
0.9689659264035381,0.06389144061216287,0
0.9295346442226914,0.18585666406942236,0
0.4627359527742101,-0.15469229186008923,1
-0.2083196791341926,0.4806531216754106,1
0.5607179748964758,0.19315910424772154,1
-0.6945408480456086,-0.7817796527107348,0
-0.7703424090597627,-0.5517089012484114,0
0.5007937000576528,-0.9177566372333661,0
1.017725658975952,0.1904110460464515,0
-0.7998636267542392,-0.3907789324782852,0
0.46280088926038343,-0.03185303140308,1
0.9270924616606264,-0.4467336580453647,0
-0.6762230515121596,-0.7164386965706607,0
-0.059388307835057996,-0.46743493890844134,1
-0.5942398926991227,0.8380370051553969,0
-0.8894419689979107,-0.5372186963089742,0
0.16690919249632483,0.4052873093420092,1
-0.4635418238294062,-0.11271023414943081,1
-0.1523618718035088,0.3948497086450092,1
0.3847273192471237,-0.8872605258482311,0
0.8935553866735508,0.4202309621849117,0
-0.9236725015298075,0.16051967645899562,0
0.20722905211399945,-1.0369106722424448,0
-0.5325368600643045,0.8900018896514902,0
-0.357496338917564,0.36062190040666814,1
-1.0733632539266573,0.0762470503505707,0
-0.6940004752613084,0.8465015275416297,0
-0.30584455656045445,-0.8609878841159194,0
0.465824236237522,-0.8611068772520909,0
0.16860030963203007,0.48892270113136266,1
0.8021370947825891,0.5277574163871226,0
-0.26960860575298473,-1.0068337029428083,0
-0.8159575302320614,-0.4260777310787097,0
0.07351364005219917,1.0429414713226093,0
-0.18934196246049512,-1.0203201899106729,0
0.8652564185225463,-0.5449354069333718,0
0.4345865499415923,0.94880156314933,0
0.033922764829823204,0.9839173810248127,0
-0.07466470565571841,-0.4365832529375928,1
-0.4119126993721841,-0.9638876453244548,0
0.17686579248075376,-0.4004895240890676,1
0.9238212797448653,-0.032609656940091006,0
-1.0535082567643008,-0.04604792948644014,0
-0.7759690387385675,-0.6397632643134287,0
0.573254715220674,-0.8770334633659188,0
0.4515855867896766,-0.14965304602158247,1
-0.5282189697912987,0.16903291843891224,1
-0.7192053317168852,-0.8440718651407062,0
-0.5261972449897792,-0.8703305189701295,0
0.6449041407094831,-0.9217942111877493,0
0.3385639027510701,0.36892361655562605,1
-0.2641241343932387,1.0439333400205533,0
-1.0119078762465272,-0.1273236028223855,0
0.2763349310352561,0.4181535701273207,1
0.5475737844108346,0.030013095508704096,1
0.582477543661736,-0.05649436721250471,1
-0.12782315587559456,0.408449013860351,1
-0.23086012014234233,-0.4258931650544604,1
-0.44817505018111903,-0.22017309790080217,1
-0.21834710609853622,-0.970770626072613,0
0.8951114300226777,-0.4791569358106601,0
0.5058579790490558,0.20269617805208473,1
0.4785682705574346,0.15382488095685026,1
-0.017812438385336624,-0.48095036929570967,1
-0.7297576589951199,-0.7965770033444342,0
0.12688762034261847,-0.993419630279323,0
1.1210273081993305,0.16856340819001292,0
0.9258768160639558,0.43883656460427967,0
0.5415925236773746,-0.8259235761413494,0
0.09297039074248054,-0.9194356561120027,0
0.5117344241258451,-0.7830668337180294,0
0.7328446033820756,-0.6429592516698148,0
0.7746960322579908,-0.5553807271796456,0
-0.19906251993430682,0.4219588554164065,1
-0.49927741678594406,-0.15730429629109988,1
0.38483678928304416,-0.8592579846302808,0
-0.3890566717743651,-0.13366681105479705,1
-0.3137084484311168,0.3700627234360821,1
0.44604879212651166,-0.18115795176002847,1
-0.251081836722094,-0.47721191518438,1
-0.7119579931037291,-0.5820033921521292,0
-0.7410886069494889,0.7155755206062238,0
-0.607522268749011,-0.7952704763261262,0
-0.9172554357139968,0.5633906915290852,0
0.8480897782243073,0.5204419727448113,0
0.33760971371497256,-0.9733309372033594,0
-0.7963150773328072,0.5208082585153198,0
-0.2658473240615566,-0.9022204187035741,0
1.0180809334334282,-0.2578748520124447,0
0.48207138318901926,-0.013379990173047166,1
0.9089436989118981,-0.26405731385115333,0
-0.4619951651304345,0.04295078281728457,1
0.5514516801322311,0.25418138991995376,1
-0.5377186951249984,0.9482126628958002,0
0.22684291974685222,-0.4190390270377335,1
-0.1159591585619319,0.5241574065319625,1
-0.500569128185343,0.1733537994444683,1
0.8904628552134581,0.37903377427960744,0
1.0175664336827719,-0.4249794822178634,0
-0.6772900923143811,0.6838008363709873,0
-0.4425788156895237,0.272651191973077,1
-0.938078285885629,0.3062181584901308,0
-0.1722789308757259,0.9594852831182388,0
0.35782920368347415,-0.3234868285385174,1
-0.35496180354365775,-0.9648359130950453,0
-0.5626092462439243,-0.6762698502607463,0
-0.9546017167301062,-0.0807733245259846,0
0.7708166047312253,0.630109650747985,0
0.8393613347853972,0.5042978203701901,0
-0.8112755304220884,-0.609205977067639,0
0.03648034836743472,-1.0552332185112712,0
-0.430107913761966,0.151585702244442,1
-0.5013837508654718,-0.820304839776141,0
-0.4301665943430192,0.8764220331534701,0
-0.02147269168387378,-0.5362120336865631,1
-0.09996389412075657,0.5271789501309726,1
-0.4926729762012808,0.851788915316923,0
0.5336922473677476,0.05910643157746649,1
-0.5058760832718062,-0.09082989545164209,1
-0.8112094924065204,0.5614729654851959,0
-0.7580356234653738,0.6438703935273224,0
-0.5231908605874561,-0.02054075626154872,1
-0.5677620098642698,-0.8258305380859603,0
0.47514859311482516,-0.09495350110047059,1
1.0369584837442247,-0.16416925507967983,0
-0.4094304557052833,-0.2186268896551988,1
0.11530882018182739,-0.4670200028210717,1
0.1789053579562554,0.510087316101268,1
0.5130777578393331,-0.011262887602186564,1
-0.5087017252433486,-0.07500375015899391,1
-0.9223943898309496,-0.3548706448966179,0
-0.5609723345677413,-0.7207706243002614,0
-0.0504437558588479,-1.0099982634380036,0
-0.9270665832871883,0.2564064054669221,0
-1.115480199030449,-0.0027754372282838245,0
0.6618906615954503,-0.7097062956571103,0
0.4535963027752728,0.8968820475145314,0
-0.9074626453395495,-0.3384077703293419,0
0.46691684426810326,0.28799236853083027,1
-0.40767566535043986,-0.2938122902128762,1
0.30827268082815634,0.3947752875429928,1
-0.45671493866587454,0.11068977799080486,1
-0.8914070815201308,0.3660886882145123,0
-0.014813074625469033,-1.0240202984219389,0
-0.4619600499367392,0.2260350182852537,1
-0.5248786760824411,0.030411014470980477,1
-0.40115217525150537,-0.3021789145610152,1
0.4581684831111966,0.8787446177615776,0
0.5502430599322676,0.9836417593866297,0
0.3422641686421455,0.39961627250561477,1
0.7848991917380316,-0.5454598180036282,0
-0.4683596366918664,0.1343602282413423,1
-1.0477759393737744,-0.013103217642701663,0
0.4570551185363676,0.15713906396917648,1
-0.10968569915363742,-0.5085758127187916,1
-0.9571696285885832,-0.44989931094501656,0
0.08151355765880539,0.46206186943063227,1
-0.38053936716795345,-0.3177094075227298,1
-0.7741789924147175,0.6476302982402976,0
0.8135526203600211,0.451408228480035,0
0.23622551908695594,1.0663748397936643,0
0.6098388933134354,0.7949725069413967,0
0.9871038435057586,0.138668111501766,0
-0.4580059862202662,0.11662189012646967,1
-0.5863845099499403,-0.8286005582081026,0
-0.7682552372971891,-0.4515795406378414,0
-0.19155276080071307,-0.46379241043557395,1
-0.8925886844533569,0.35442666686008983,0
-0.7085428296845693,0.78124844304449,0
0.9479686733691562,0.0025799906691499515,0
0.043823619058302385,-0.9837236521336131,0
0.014879492670381134,-0.978798989113392,0
-0.9097315444460958,-0.3159169074051109,0
0.2474788060067875,-0.4596492645255548,1
0.9889531775835102,0.09657852506974585,0
-0.9757708071545795,0.09166243967882987,0
0.744349151234756,0.6451217451729172,0
0.9636706111757065,-0.053640392777867904,0
0.4860636119259828,0.22874830125611545,1
-0.49493919212341503,-0.9280606907659665,0
-0.7801933953337049,-0.5366954268572279,0
0.19228997695882605,-0.497004575309458,1
0.40568227461625433,-0.9703827774208413,0
-0.23894565020742564,0.9983589666404297,0
-0.2226274927971856,0.4295305478725495,1
0.8176230469681108,0.47264995759861883,0
-0.026456931939811475,1.0437492473438321,0
-0.5640155317652155,-0.8040084213739678,0
-0.5272792613694333,0.21911741783154365,1
0.0039585329597011075,0.996257908726853,0
-0.37929369741495916,-0.16434994599303115,1
0.02006059557876333,1.0202542283822824,0
0.33908063143675404,-0.3986206147617693,1
-0.5762351588160852,0.9049584633873354,0
-0.19108340896563744,-0.4000063807044004,1
0.9062075885454115,-0.22493483061961836,0
-0.32204556350100305,-0.3207663836606277,1
-0.40847946663282186,-0.14056871271154842,1
0.07354225614558882,0.5167727046317699,1
-0.9709698162556717,-0.2827143103747297,0
0.35983349118258373,-0.3642422244746337,1
-0.37444578317702587,-0.2048267437304216,1
-0.9833746193672088,0.15205928109505754,0
0.49032465707127865,0.9779834636788681,0
1.1003857391777354,0.04545639732799589,0
0.33377029754022475,0.36787549675641806,1
0.35767470797678896,-0.9181863495531183,0
0.7028148853117416,0.7727400460080746,0
0.5088419021584388,-0.8391628951760384,0
0.2187444611545355,-0.4501346584072475,1
-0.07621707366623591,0.42606865988046905,1
0.41357012274180194,0.230211244084221,1
-0.2984179050834931,0.4094586144430218,1
-0.19483727027074765,-0.43482679069707275,1
0.06873797592632688,-0.4291877822246053,1
-0.32586589243659786,0.34217969477346516,1
0.036036139186762156,0.45357476586307416,1
-0.038802368756472985,-0.8781425752684602,0
-0.07599307658470453,-0.4976839510470623,1
0.2596029389329163,0.9971485071115447,0
-1.0085362353133256,-0.30298991650815443,0
-0.6976239895744014,0.6768030746963363,0
0.0904283257978099,-0.5869816927072602,1
0.5122558044609079,0.94293032725448,0
-0.47391520156691463,0.03100308175837207,1
0.11412223392106723,0.5391387386656361,1
-1.0765969910294688,-0.07921041503682111,0
0.5717919873801242,-0.10553242995006977,1
0.4109274059236962,-0.9100014772291241,0
-0.37688971427180906,0.8781938799867879,0
0.8144035140447083,-0.5605543940471486,0
0.9692620897256792,-0.4614020172264797,0
0.7509618805750597,-0.6072826597297936,0
-0.057086398075482034,-0.5308636355040857,1
0.2559249274504266,-0.9371062328983943,0
-0.31050983559166245,-0.9447743965773396,0
1.0001172869715047,-0.11914704900593572,0
0.4984534908291019,-0.10273607312994748,1
-0.8580071771545965,-0.33205472939653125,0
-0.2557808795509243,-0.33900899035798415,1
0.472859540416481,0.06370058091509058,1
-0.6678010460173319,-0.6419474869811513,0
-0.26974802528512865,0.993669288322826,0
-0.14237833893339744,-0.43093289626850456,1
0.05878434613197142,0.5574269271519241,1
0.4938132159286499,0.023876610602252282,1
0.5718395496953372,-0.8339478191635279,0
-0.512519711458053,-0.7988788550416439,0
0.5383074830329926,-0.7328268880202197,0
0.007898294407232963,-0.5340651627950691,1
-0.39559082071999074,-0.38947735130136074,1
-0.43769083279007936,-0.2520243253107263,1
0.3790133996826277,-0.3753902922814017,1
0.19627872963406606,-0.551121073360264,1
-0.2390277507814838,-0.3909597275958391,1
0.09553354961299783,-0.9810886185101247,0
0.10304630902157001,-0.4805042318133464,1
-0.5020864379625296,0.08276195967182866,1
-0.3603196223658284,0.3516421841383492,1
0.4688356136335129,-0.10825076232835765,1
0.5278756307132697,0.07409096277776453,1
0.25955114240779936,0.3715674172221755,1
-0.4271654577076022,0.29691119516406983,1
-1.0707348858402146,-0.1569952975014156,0
-0.929287818908091,-0.35199481552305095,0
-0.509962217744868,0.11813503354581471,1
-0.4804426999871236,0.22698023796085798,1
0.9838903153681248,0.13291093672546686,0
0.47015270790771835,0.028500312662943304,1
1.0097912903594988,-0.0664118780287233,0
-0.10182695547780193,0.9133382085840441,0
-0.3844296627722918,-0.3252487739755732,1
0.9194772094385546,0.5307171206427657,0
-0.7189523936987074,0.6852018626122189,0
0.35043770461134255,1.016754512925567,0
-1.0485290876243907,-0.1222112682798042,0
0.7398181330949549,0.6407821309699162,0
0.9670576350304049,-0.36685208890410254,0
-0.34863804061023074,0.4256017111942305,1
-0.37894086634082647,0.07465221125663674,1
-1.0512736829587053,0.03879360943335709,0
0.04183336721396592,0.9657490242913508,0
0.3289075200392248,-0.5132451758166959,1
-0.9043946411587889,-0.39300107380472926,0
-0.04117861844320209,0.520704788787305,1
0.6236724215381144,0.9104951327144326,0
-0.11291768239759416,0.9912531888218397,0
0.15299013826738572,-0.5609610469275201,1
-0.22450112271131245,0.46747338865310767,1
-0.4390764830931794,-0.9707632844990595,0
1.027655870278324,0.25243345770706,0
-0.1750322441689971,0.42154087751356367,1
0.4199521270037686,-0.15471120927646503,1
1.0254459430123157,0.16652416293227437,0
-0.6283566089415433,-0.7693618250578442,0
-0.16996072178468488,-0.9646497502485164,0
1.0093378822318375,-0.2720634624955798,0
0.64832038304465,0.7708982896397873,0
0.10411149405260181,0.9527776923177624,0
-0.4417157474713307,0.23480088983357542,1
0.30218588553545295,0.9828899664388544,0
-0.004177252059405482,0.5113822753026965,1
-0.43877535576022125,-0.04265484554072291,1
0.5130738567683947,0.02734804119586589,1
0.5454612533506017,-0.05395749805714261,1
0.42121259475063666,0.2205251144582675,1
0.523520236600465,0.11439918512407596,1
0.4005380489336696,-0.2440057215021018,1
0.1678125743074195,0.4471560365277431,1
-0.7166557657556623,0.52818681330805,0
-0.3912882779384025,0.26685107806962577,1
0.5209248093422317,0.052115692316997024,1
0.05371140851926624,-0.5100023826828592,1
0.23868680073604612,0.4714390750334301,1
-0.4486411931571647,0.1458395203859027,1
-0.4017305757747726,0.4047047069052062,1
-0.2865951168645573,-0.49076309793522555,1
0.38934350488238845,0.27001976425392216,1
0.5135321536969363,-0.203075802774153,1
0.1481837678029872,0.5388892227408828,1
0.6245648362526458,-0.7270662503097255,0
-0.2602570354839825,-0.8992925897955893,0
0.727407690488997,-0.7002426109038764,0
0.5111301584811437,0.024768946473031635,1
-0.16276504341331374,0.5607894936941774,1
0.582419263692902,-0.7645370569362616,0
-0.8640282830707988,-0.24468881193518627,0
-0.5951783570514111,0.9086712057789901,0
-0.044512273095533,0.39873751743414554,1
0.493018631867038,0.22261557167685753,1
-1.0893801286275528,0.11210903203791699,0
0.1754953992780875,-0.593748129818523,1
0.4140243165493272,-0.21563145283622806,1
-0.399261199311284,0.253197487795569,1
0.5432757832628763,-0.10028605903432741,1
1.0089526046341448,0.30231533255153303,0
0.13600837311716635,0.44159478503552213,1
0.3273496903782688,-0.19229676570673138,1
-0.13918243279706516,-0.3369283200158467,1
-0.09626696482677627,1.027294200329804,0
-0.00846632416148822,-0.5260569777961072,1
-0.3824554544189685,0.4183931136667867,1
0.9013245344817983,0.3297929653608259,0
0.5063341369963567,-0.27222258092812734,1
-0.6175363605063712,-0.7863285935164963,0
0.5294288409560973,-0.17913518534836248,1
-1.004645460715161,-0.23451513537273946,0
0.8185051060089564,0.4013577392335907,0
0.4432179597024839,0.9349504830139554,0
0.9680859596232589,0.3171797864998471,0
0.4839385872586098,-0.19595292815737947,1
0.6706423022047502,-0.6186134214337184,0
-0.916448501797976,0.4129720841577271,0
0.40668939398731835,0.34783703697545526,1
0.9779583099874298,-0.23670293949439208,0
-0.32276511313350204,-0.3148530610257687,1
-0.931172242850457,0.24750165707326366,0
-0.21518462072413813,-0.4255156643021966,1
0.7453895353209093,0.5612272658869354,0
-0.9368190249901275,0.45270210656742454,0
0.03435699038141108,-0.9813404097261438,0
-0.04048854124393654,0.40489574484613955,1
-0.5728014456865451,0.844543132734518,0
-0.11040841181105633,1.020283687691191,0
0.09700657661864504,1.0495365004407797,0
0.27977500696342195,-0.32772385527436804,1
0.5377893004735605,0.8617795911901379,0
-0.39259966228270643,-0.9843250961688725,0
0.5130008190292886,-0.006522999139940387,1
-0.25179818325846115,-1.1039915870207648,0
-0.5662929613363124,0.7471787634020384,0
0.3079408491005624,-0.31542217338633466,1
0.7926835375182557,0.628010008515646,0
0.49741011136575075,0.8254343837174574,0
0.36882057687269665,-0.4230108137653166,1
0.40826785898371015,-0.3367959964810824,1
0.5109059375444002,0.03253550100207357,1
-0.09854998722538115,-0.9765604958725003,0
0.7002859960806005,0.6468627444708629,0
-0.6381559357158157,-0.7312816170920194,0
0.7293319630403945,0.7244666405807579,0
0.5130275483388693,-0.05676262605311386,1
0.23077493258900025,0.38731953691026333,1
-0.6782920690190433,-0.7370877745577167,0
-0.23546284619015243,-0.41904493974029633,1
-0.535998149595418,0.817979770521421,0
-0.4527979483234639,-0.2704550159891573,1
0.1663683826003979,-0.4337578450177202,1
-0.7100736764238377,-0.7465678604946777,0
-0.3053439666362846,0.24261393923165936,1
0.21489815738614115,0.42190197992655604,1
0.12031718684404867,-0.5719408732727159,1
0.46738615681018036,-0.1370136012746634,1
1.0567224339358987,-0.09671720180616455,0
0.5043001780484614,-0.8880992946602767,0
0.14322300699123874,-1.043134573813604,0
-0.4819639269705811,0.06775926273742057,1
0.14679286918190856,0.4673824196797862,1
-0.13221625347753074,-0.5464258085894851,1
-0.1455899249814341,0.612404121798375,1
0.2752680501993615,0.36424199855734846,1
-0.1964900304237036,0.4259521395161108,1
0.45124560832442073,-0.8886330946019968,0
-0.24778164400688482,-0.9796535459158068,0
-0.43490090028811207,-0.2784745670670897,1
-0.5174536227003006,-0.13017288095459614,1
-0.40473352971138576,-0.38498054757873273,1
-0.26559504135302875,-0.44820752423905924,1
0.27695491237524184,-0.4414615530014618,1
0.19601924903240442,1.0391463538755565,0
0.5330884642472189,0.14213412458825025,1
0.44487061994268123,0.22207097340679716,1
-0.7827316154633999,-0.6246113527790377,0
-0.3185939727470518,1.0245201776958215,0
-0.05488191145277775,-0.4283998034836412,1
1.0295187446904634,0.2508743157758672,0
-0.4912272038572525,0.9055358149504393,0
-0.5397877006266205,-0.008359761950967923,1
0.3595433400873935,0.3470303437288062,1
-0.1362975958165914,0.4964046050325268,1
-0.9356967494948013,-0.24231647299936876,0
0.8766823819556663,-0.19045559800040412,0
-0.8281851401759331,0.4924327602790456,0
0.876907951916927,-0.349222958207557,0
-1.0642817712707844,0.03391559619572725,0
0.33050776916417723,1.031800066181816,0
0.41415058246062403,0.103707937036766,1
-0.4623208033377332,-0.2875090541567056,1
0.10370111825220948,0.5148529834563805,1
-0.7894490218491852,-0.8584522519107032,0
-0.8131269078776233,0.4703047620034584,0
-0.32812376777713614,0.1722405699165292,1
0.3575501779361677,-0.34853088861364845,1
0.8681664410700977,-0.4765093755433834,0
0.46981850217639803,0.2734581439576794,1
0.9876990501919595,-0.3114576840930114,0
-0.4636693391951179,0.039448172170106814,1
-0.7649610781637163,-0.7761339428398252,0
0.41969591910133175,-0.3141447750087215,1
0.19021351711245932,-0.43785076665647565,1
0.26637017415605546,-0.47213286344677197,1
-0.3447652606613612,0.37890838713559805,1
-0.502571865649839,-0.22841917120192543,1
-0.4377194981811612,0.8903221429237914,0
-0.9019245988305995,-0.3555891392970921,0
0.12785991766524216,0.9983325488501026,0
-0.042229298579101814,-0.45834391301616473,1
-0.23750181579182866,-0.44678738722167655,1
0.2984946112304863,-0.47326505764029664,1
0.43199357609373545,-0.3999539011144727,1
0.22648191502858894,1.0825855625092304,0
0.23887756975065771,-0.4502565944275029,1
-0.9395912051176096,-0.19914139038750253,0
-0.5071659194772531,0.11614998670999194,1
0.46896926626005253,0.3628854929906923,1
-0.2761519710857002,-0.43773381688805074,1
-0.37664103795551024,0.2751901715379928,1
-0.3931630018310486,0.817202647410418,0
-0.46042304099639636,0.8678606620030083,0
-0.22511017194323815,-0.34251686377610696,1
-0.449708440058137,-0.02010037350130706,1
-0.6479966378617457,-0.7856540885628573,0
0.05084020841504151,-1.0029661692029086,0
0.052198969863175244,-1.0165774830173302,0
0.08565757574885574,0.5452180316982149,1
1.0432549344988906,0.22637752578390752,0
0.10206277694079767,0.5003167744563682,1
0.5052054794185261,0.3256767114408109,1
-0.6122183412426675,0.8537087807318685,0
0.6535802072714291,0.8168967664738915,0
0.3421372480360816,-0.30430275457797257,1
0.8973773068403462,0.3560945800336751,0
0.6934547321868485,-0.6149150770657931,0
-0.8963277906324683,-0.4946614292843319,0
0.3203115389492503,-0.4487114680888961,1
1.0050913655937348,-0.16681980590560375,0
-0.1668050541942797,-0.5006904624357627,1
-0.9278278589485857,0.5387873217110055,0
0.3553637438804737,0.9660032151083975,0
0.9341932895490009,-0.3012555709796862,0
1.0007951542594404,-0.4330940753659912,0
0.30769573681207923,-0.9667711506204707,0
0.46318077070816965,-0.3499990165947741,1
-0.4518582212166421,-0.03909187549945656,1
0.5118665874683107,0.9006235398407869,0
0.46062926315490804,0.0669584906975739,1
-0.3219912319573189,-0.9155769565315318,0
-0.32363698751738557,-0.9063997522861653,0
0.29648662773010287,-0.43326041135331494,1
0.13021595764683128,-0.4735465495372885,1
-0.6811520155745526,0.7412239834120455,0
0.22606808457619,0.4089284721711466,1
0.1734080557146868,0.37607098465559097,1
-0.8569347216671597,0.008156396342842959,0
-0.8523660323165292,0.36980711940289895,0
-0.7598589767242244,0.7064688144399804,0
1.066683320340739,0.31682589171571585,0
-0.387865519225268,0.9461018016677877,0
0.35887468975734726,0.2940555527388687,1
-0.49292874638336015,-0.1887960977698978,1
0.084088449422027,0.44767759841610183,1
0.32287099571047273,0.8434529132305599,0
-0.9387335338525533,0.34771480624589657,0
0.6491361312030957,0.760626407326403,0
0.056922314394336065,1.0788843911197485,0
0.3238120409958958,0.33624419910628167,1
-0.9041722970477861,0.23844606482589809,0
0.19506829425521852,-0.4685417047080919,1
0.1666559316872992,-0.9366756244962793,0
-0.40569059947777203,-0.08751867474030023,1
0.3848801918035124,0.3873559996658342,1
-0.8831559810563444,-0.569996195846134,0
-0.8855046379757658,-0.5400076366034052,0
-0.46896162347100795,-0.02606127565126596,1
-0.9036746636711436,-0.5177417359351141,0
-0.3546057165171676,0.4455722042150879,1
-0.35637505483980314,-0.35054394108843856,1
0.162703348506821,-0.9652621315306841,0
0.16084734699755315,0.4887341680706674,1
0.058232404703211116,-0.4335308899918138,1
0.5651647865166352,0.7949494519313585,0
0.21776294060170315,-0.47600248193672234,1
-0.06802606361750847,-0.46579030523179743,1
0.27364631108413207,0.3248599964650458,1
-0.3900418423593608,-0.29783966620854146,1
0.18529247885801212,0.44827285743197903,1
-0.349995299425847,-0.3730834321958823,1
-0.3791093344947133,0.23856250169460474,1
0.4388120009241645,-0.9513602615474714,0
-0.7264815193377125,-0.6396199255215524,0
0.2565094525502799,0.43684375264009373,1
0.24253899229777193,0.535504190225111,1
-0.4678320702356693,0.1730504867122758,1
0.42309604743559837,0.17071350937892507,1
-0.24007708536290412,-0.42159549545177005,1
-0.48210100854401633,-0.02155400057040701,1
0.0640422383591588,-0.5312259620316607,1
-0.3021104870854667,0.4271744442387487,1
-0.43014301521795906,0.0059879281552514055,1
-0.23664158878720268,0.4493977721482914,1
0.33171599682241204,0.25484512503470863,1
0.311614650941466,0.3075143758451594,1
-0.02779799019440662,-0.5404358999064323,1
-0.898122065440547,0.33835716641995517,0
0.23174139892531023,0.883763954223848,0
-0.5985320270410193,0.8399245674598027,0
0.8737911547289436,-0.5796955344895524,0
0.7997359297672681,-0.5203973828874074,0
0.4864837882358917,-0.936951189102826,0
0.25768362472189965,-0.9452209114664595,0
-1.0567272827892524,0.33187135442487925,0
0.9863420516245577,0.338577080180452,0
-1.0291863787635438,-0.18723169761646083,0
0.4105787925974969,0.1394351258327338,1
-0.3969559687361438,-0.9838558284435996,0
-0.6822913187806556,0.6934523482801898,0
-0.5171291646038493,0.8231967804396377,0
0.5197308142159074,-0.14451999908776908,1
0.36054644709682393,0.3162530497800598,1
-0.22556087804555347,0.48793259307736636,1
0.1708956723383379,0.49768189810842073,1
0.08309273945334461,-0.5032610426013527,1
-0.4821070024400139,0.021932448788852393,1
0.9160909982860355,0.10240007267532546,0
-0.07742081042753751,1.0039929221185226,0
0.5700392150594373,0.11337373900708782,1
-0.17318334976276684,0.448030509888902,1
-0.22150734106535488,0.47624737526304134,1
-0.1081638139889742,0.6249495985084097,1
0.9150782238749636,-0.5032718730154551,0
0.3281011131580405,0.8861526258172289,0
-0.5438873262889186,0.05755960950486221,1
-0.24879982381377408,0.41574079690280596,1
0.6856745985304065,0.6315099728243578,0
0.37968754763139867,-0.23284695918777937,1
-0.8196080057162568,0.5391931129706908,0
0.7448954740011104,0.5652981662802141,0
-0.7175681398581112,-0.7220741190457097,0
-1.0900526836885578,0.18180867238986764,0
-0.433254652090715,0.2489557889064674,1
0.4875001144830439,0.29603033418588204,1
-0.09837162570331187,0.5905404905963156,1
0.7650697676778684,0.5387442742837415,0
0.4261000469460363,0.27986800315053834,1
-0.36851192943559197,1.0189270280524194,0
-0.4739485747693919,-0.3038653339357526,1
-0.5394880213472468,0.8781208626597305,0
0.49495411668770223,-0.005540836192485868,1
0.31071669850739614,-1.0415649952702792,0
-0.2548437548512496,-0.33996917514926983,1
0.12700836664310333,1.0067948808076432,0
-0.3258357649093192,0.17477440014935236,1
-0.2591751597360855,0.8914163885287298,0
0.4375301695354547,0.3040507885499385,1
-0.2496153816515225,0.3825433394813452,1
-0.06982939314844652,-0.49821249761370395,1
-0.4564887710334023,-0.3376240842025645,1
0.69319889172682,0.7414577478109199,0
-0.3106931416463611,-0.37693109325669755,1
0.25722354246364953,0.45865032744548484,1
0.3293078964875488,-0.2864475464651291,1
0.7372510477596205,-0.6403146394561857,0
0.15821077672450534,0.5108765872717441,1
0.004501163876581976,0.5096044097677969,1
-0.9227895946718471,-0.24892254022325586,0
-0.6187145462866606,-0.8501353403872111,0
0.17369351198064162,-0.9947643465153191,0
-0.09539997227366048,0.9437998114224361,0
-1.0766296017366799,-0.08541770511758663,0
0.946396677619459,0.36216763320111406,0
0.4387175443104867,0.34693218001931586,1
-0.3762529113779479,0.9623755508885814,0
0.47922902887217944,0.11223907627177099,1
0.3020758583761951,-0.32183042961197955,1
-0.10902971371452587,-0.4865577135308344,1
-0.9690053016363214,0.20805199402115132,0
0.46680231462774413,-0.042738149995479355,1
-0.5503666277377697,-0.04224253130313248,1
0.08171288570601909,0.973602292159395,0
-0.02365927408543962,0.6056933457284452,1
-0.4905609208256489,0.049500062826275934,1
-0.7792918920040639,-0.5731074983984872,0
-0.3793094354784608,-0.280924960919666,1
-0.959967902127709,0.1968379773009782,0
0.1175248220672914,-0.9624286085735174,0
0.5600805334112753,-0.21101773777139227,1
0.33344306377973293,0.33408842500604424,1
0.4374071824933743,0.21329970461938383,1
0.4033626210565689,-0.40908871110080447,1
-0.42523180890236434,-0.30518606361673095,1
-0.6902220310982905,0.8087666118921774,0
0.8225833429105427,-0.46798184505055385,0
0.281638721204374,0.41195237081177744,1
-0.4281515595914047,-0.9743531286884061,0
0.013306729454822988,0.5529933201549626,1
0.4159638918215887,-0.9402271554301979,0
0.0317975926697292,0.5384678281324123,1
-0.6811014334398379,-0.7905436230701517,0
-0.4811291263224937,0.033072073429988226,1
0.21609933723610683,-1.0106816678601374,0
0.7910018939999983,-0.6276275034858277,0
-0.3147368387822466,0.36181885191253693,1
0.9094582607945862,-0.4186050565713063,0
0.9090016573087721,-0.3031625241828988,0
-0.6641343515147525,-0.6772088390690332,0
0.4995178115213035,0.9333237319853307,0
-0.9096290925880333,-0.5009895509586358,0
-0.8249813231819556,-0.5857137406197543,0
-0.4045578269533542,0.8363996715420926,0
0.9353592516668828,-0.41823197297843245,0
0.16555076367047505,-0.9401194675785519,0
0.19907438283641332,-0.9968413768134882,0
-0.10769776854503628,1.0348860975092267,0
0.3248193448611218,-0.9477576993090753,0
-0.5370037828128456,0.0010467939226561362,1
-0.3040202237035736,-0.39839449434015867,1
0.8991915942272602,-0.37718775227569684,0
-0.21491420521974913,0.4555858012231879,1
-0.29051236344971637,-0.9626434102257805,0
-0.4089393518201216,-0.2825691901125988,1
-0.23601657099391535,0.4231433213434972,1
-0.49676427998205,-0.07499827324265076,1
0.3829342209204426,-0.13183047654577246,1
0.07133529363782601,-0.5056944101324142,1
0.4311423515352779,-0.05980342671243615,1
0.9376822709185049,0.06437575276483767,0
-0.7792489296768027,0.6620789590768889,0
0.28032178970998334,0.23027077458752754,1
-0.33583793615325197,0.11120982273978673,1
-0.9150600313850112,0.39836305026046936,0
0.4828183945078973,-0.15532061676821257,1
0.09585137289763183,0.45897442911517505,1
0.338491144381138,0.9869293040932124,0
-0.37943177938251627,0.3632859933519742,1
-1.008767239127038,-0.12978151110552755,0
-0.8362682304343919,0.4803872313567252,0
0.5910353318690255,0.02749373756514123,1
-0.17577139896628036,0.389171540294181,1
-0.2903539993349213,0.9015381282724437,0
0.18113487472050963,0.4138723467113946,1
0.34190157336380994,0.33259161181217645,1
0.19169049122833248,1.013906371450298,0
0.7112439965822297,0.7254758133807627,0
-0.09693591047591958,0.9548948368914343,0
-0.00798301812888181,-0.9775150988789776,0
0.9953635961574492,-0.2889800223615355,0
-0.4059129580163338,0.16588933590360297,1
-0.43538634063473386,0.08309956460439841,1
0.49018971574667,-0.12222539409217548,1
0.46407113727904986,0.10800383700720642,1
-0.08468384056072076,-1.0282967632348592,0
0.34286414414283073,-0.29626194399251277,1
-0.39868906641926044,-0.8922996680600133,0
-0.45389856912177073,-0.9565232949535942,0
-0.3896368668855093,0.29612552766356787,1
0.6848561814445353,-0.7474682022563576,0
0.8433348343945488,0.24477054363515782,0
0.1033123271493187,0.5337102173505132,1
-0.4506077990321795,0.15752796437337452,1
-0.8508135215025242,-0.4168216656274699,0
0.7852107575446678,0.661260987762427,0
0.22482398298106734,0.4796827650406854,1
-0.5897667358232882,-0.8036189592284103,0
-0.4408236549358756,-0.902075265761591,0
-0.2178841265652934,0.46251714371122604,1
-0.4341658301465796,0.18553514169509364,1
-0.42437236452053295,-0.12863700547302767,1
0.49007065074627226,0.10632754651891704,1
0.5085676994252113,-0.17958307036355675,1
0.03238765419274789,-0.5070386327158332,1
0.04360286610251485,-0.508900215019163,1
-0.2643501632414616,-0.8879105987935523,0
-0.4511520633056431,-0.19103228074735834,1
-0.5245863974504674,-0.8438041337309334,0
0.39414149420808575,-0.12671210154092122,1
0.34578370394411456,-0.3851629773407764,1
-0.860532850090798,0.35284003375221795,0
0.8030320268567297,-0.5607629450801068,0
0.25137170080820703,0.9334797206833882,0
0.06831201590311879,0.9760302914074981,0
0.5270156439134237,0.7879877048567029,0
0.23767067548067528,-0.9936367571741928,0
-0.004217582942798606,0.9962304189363547,0
0.13519475430814137,0.5006096375444299,1
-0.9380072418755252,0.14977887879567178,0
-0.3886565093850422,-0.9018888605486389,0
-0.2865351707653122,0.3059323374938111,1
0.4108658923671134,0.9749991564536075,0
-0.96814129116888,-0.2483736044638894,0
0.9676349530735721,0.4700469300570739,0
0.5220735681018636,0.06763176334259703,1
0.6026823705358011,0.037473769807836364,1
0.7571196716649881,0.7358776065309699,0
0.7248862583202028,-0.6009333432257195,0
0.4772088249164043,0.2321706455747751,1
0.842344570646722,-0.3792938272484782,0
-1.0518956456568684,-0.11508498776746864,0
-0.004083299797335317,1.0551662423641543,0
-0.751863040876372,0.6977330136108041,0
-0.7372795547376247,0.5183400014273606,0
0.4401227114366983,0.30620347128136993,1
0.013046754347981339,0.4431130323160728,1
-0.01607417425857499,0.9793986095939284,0
0.10864514480684645,1.010688931703825,0
0.46368082018073975,0.22060949352176784,1
0.12061413513392863,-0.47407447641767647,1
0.19594750584649806,0.9358785328067023,0
-0.24184617348625215,0.38159747918670367,1
0.11843386662702518,0.4851516048262628,1
-0.5554309951099493,0.7899226441374094,0
0.360814616758962,0.19128483385488332,1
-0.4635051006655539,-0.052096339489658125,1
-0.43273290588838725,0.08086817156230783,1
0.5352662049316483,0.1631344248252895,1
-0.5260441995292042,0.8450961406527244,0
-0.21702047971912836,0.4798992270760388,1
-0.1649760510238149,-1.0271589399156318,0
-0.46896026001908075,-0.14016781139164575,1
-0.9423826526325607,0.06656898910628067,0
1.0399249936921717,0.04431101612597118,0
-0.4335671661468127,-0.3261197499967374,1
0.23797596048836825,0.486137745521314,1
-0.9646862553257461,-0.04011849333377653,0
-0.5296935012522459,0.14541944935312312,1
-0.5001784875042138,0.9079478218259044,0
0.06815679618059338,-0.5556902147493438,1
-0.2887852262263771,0.8851546307366749,0
0.3536433765965328,0.268028999008564,1
-0.17010696564684874,0.43667731945966143,1
0.8217336340534805,0.4700092590057901,0
-0.351255458643163,-0.39169450394270167,1
-0.4248750515754012,-0.08225895182732922,1
0.4951324679216229,-0.7197584256000524,0
0.3925025447147783,-0.13715353270270877,1
-0.022890018205375517,-0.9178495877291881,0
0.4985989827604247,0.8300444028085292,0
0.49286406253008075,-0.12887103498822647,1
1.0302537254025628,0.23211170019662844,0
-1.0206643298041322,-0.11859983647050054,0
0.9609962150589952,-0.2611077038092512,0
0.7146864050608841,0.6910490625912269,0
-0.1150694200409583,1.0670128472686924,0
0.5212215774656088,0.8585068286342816,0
0.21687716556007763,-0.5356559128059064,1
0.03323271149284007,-0.4985313777341728,1
0.18030152468682178,0.4485106471503117,1
0.2089136044952362,0.4431871932996507,1
0.9597565701442226,0.15507918503233642,0
0.08028012785686911,1.0126466614261747,0
0.9148213858063993,-0.45473506451203893,0
-0.4121944891007856,0.334782116582704,1
0.5265077566051296,0.02567294217356902,1
-0.9806862150598401,-0.11915148174885254,0
0.9019939729232651,-0.39766630532726943,0
-0.03452803159306427,-0.9446726230419262,0
-0.49957518197478673,0.22883425831725213,1
0.8221413036640203,0.5781584682898419,0
-0.16840456150597405,0.9455526310755176,0
0.6224015103371073,0.8408710143725183,0
-0.04657771962792198,0.4310128111678631,1
0.07138920404220551,-0.44813711642599313,1
-0.4963080836558902,-0.7713920980875589,0
-0.4060285617297789,0.30532040009757366,1
-1.0034734798378515,-0.2034254054380015,0
1.0212098598538235,0.17497943478185346,0
0.003039317304816491,0.48648364113299214,1
1.0311051889478071,-0.27265293585158334,0
0.7688501942603111,-0.7378249833445537,0
-0.5197285028421292,0.8779223432186957,0
0.34087055016786943,-0.9722713334844909,0
0.6729528682735788,0.8002341747527711,0
0.4789717819430668,-0.045592905449584956,1
0.9001183451231884,0.2703308824069342,0
0.4078828927678803,-0.3301756262262806,1
-0.8187884571746354,-0.49586556385207414,0
0.4768246619221584,0.1293857860365986,1
0.28015186749254983,0.4377928871842659,1
0.9528614356065205,-0.48373208114555466,0
-0.5616566338723651,-0.017942299842414605,1
0.01316969233220136,0.44854550793122067,1
0.9634232829388703,-0.13298737975801517,0
0.8763341958747202,-0.5959233087273835,0
0.19009538537492385,-0.4682579074766193,1
0.20304533701831956,-0.8884874769945083,0
-0.9852455655168845,0.08310530048600502,0
0.18904141569988778,0.49178001221019935,1
-0.450578941470875,-0.1975261149427257,1
-1.047662398741747,0.3499899561525828,0
-0.18569219716437552,0.354870777208514,1
-0.5306781773724945,-0.04745200316100494,1
0.9051444869894835,0.46821152180794046,0
-0.3536047772707516,-0.3794517510445677,1
-0.050527512786140205,0.5188938438840209,1
0.42463833593877875,0.8452901133693069,0
0.1941179146429128,-0.41482161019211633,1
0.1709579129984375,-0.5547402307666501,1
0.8539925469884868,0.5430236990607936,0
0.25284864050712713,1.0991951971865173,0
0.20882903092778005,-0.9215383611836829,0
-0.9041649238388159,-0.37067981935844047,0
0.9160237965825059,-0.36511490968431465,0
-0.22125752897719322,1.0302735752639942,0
-0.17190973607057766,-0.5112185533063452,1
0.23877596474885662,-0.9862192081290352,0
0.3103465727774153,-0.3591630401135618,1
-0.40971743272010824,0.34826074954556396,1
-0.8597973485349737,-0.2891120636306646,0
-0.2525292031238847,-0.45007891205668515,1
0.011952936335541182,0.4590138671014129,1
-0.15711549542462913,0.4571959208769813,1
-0.22257448417808254,0.5073976427049092,1
0.7259063535278749,0.6432923432310855,0
0.4958179487313072,0.828675548528863,0
-0.2903760081034045,-0.49101945338848096,1
-0.2761737578143506,-0.8966704700813921,0
0.40258895393456223,-0.25018844648956495,1
0.7200891597949515,-0.7251548145421208,0
-0.8777852935374855,0.5551201341743196,0
-0.2875680364635392,-0.40347935672381113,1
-0.20606744282350978,-0.4955087830183925,1
-1.0096017780032136,0.1773175744487511,0
-0.4701054546010866,-0.08421232797568631,1
-0.9569365968330674,-0.18278314094597026,0
0.019357948573689634,-1.0108379867201691,0
0.29946526476682406,0.29576426723007965,1
-0.3482573651314534,0.44331149189245506,1
0.7236479315468304,-0.7023226312393154,0
-0.16757614075694915,-0.4852919576444577,1
0.9089512043988562,0.5309421714932463,0
-0.06000317822324901,0.47366667748790353,1
-0.7430366606824604,0.5981929057498754,0
0.049861814428632224,-0.45012787830461365,1
0.23137385887198836,-1.005216620833208,0
0.502924649767847,0.0868269233892606,1
0.151707908982388,0.9818734084492402,0
0.32474900170232046,-0.4022855141786335,1
-0.21150842234028078,-0.5755802211879859,1
0.7411877077173772,0.7684796857829951,0
0.334336607561379,0.3853926049379448,1
-0.48781702515529773,0.3262235956518614,1
-0.9592069561937411,-0.3850192221515859,0
0.03808520427852434,1.024404858637194,0
0.4339412688072822,0.37882630181520877,1
-0.41050694795163245,0.2366297938889132,1
-0.9327129524181809,0.4749536085842186,0
0.6717538333128984,-0.7413529991139662,0
0.7450002831756503,-0.668266081299817,0
-0.40609183813678384,0.25003615076809366,1
-0.7540758595932517,0.632050641602523,0
-1.0531537139248892,0.04472269636804901,0
-0.6215765448908989,-0.8407330298482668,0
0.8847891076431162,0.1943808505772951,0
-0.7943618188968943,-0.5830651932550951,0
-0.5159419126081835,0.006772681963442939,1
-0.4597640312129331,-0.09142204967938984,1
-0.07274030516336497,0.41870694263326874,1
0.5979953105196236,0.7411215720371439,0
0.12131697967004267,-0.46175521457378893,1
-0.37548697235478884,0.27494358477125647,1
0.48804468297293585,0.29952351861902987,1
-0.07072672237958208,-0.4253677822703843,1
0.38907227143451595,-0.318942880776978,1
-0.10036737183782841,-0.4775937907638847,1
0.9138457066353385,-0.2047549006046268,0
-0.9736881392147467,0.14073011357973855,0
-0.581958135539331,-0.8755127158172736,0
1.0781278409910726,0.08206748315971073,0
-1.016916411494347,-0.3120867964089521,0
-0.42391173981473573,-0.3649700138733609,1
0.402862668395337,-0.16572507257220875,1
0.06632889731038548,0.5718438828644113,1
0.5632294456450166,0.04316198698143252,1
0.7808378761269893,-0.5817762869399147,0
-0.4941508933831958,0.23837369770701075,1
-1.0681240676989674,0.24523056738558158,0
-0.48179013390225606,-0.09354344444153136,1
0.9054165035131512,-0.2936791490152527,0
-1.0118753208971394,0.11670241871928497,0
0.8387748380938714,0.41700157837387414,0
-0.5000172846198008,-0.280206472612785,1
-0.23507064135051461,0.901954468806339,0
-0.3589026165666996,0.20216507406416956,1
0.798289785762954,0.6235783463727151,0
0.06117779292918048,-0.4353252165615796,1
0.5735000288540802,0.7711710559626606,0
-0.33784074123945695,-0.3446139839201699,1
0.3039413254733771,-0.31055246589885077,1
0.43437525452690784,0.08407077667408,1
-0.44845208244792484,0.011598810801671453,1
-0.005160778818968932,0.42651076183907477,1
0.034258759411040354,-0.5624649465236256,1
0.4008573899196455,0.3288534778014084,1
1.0501134652341666,0.1787013505428185,0
0.4356945193728548,-0.1862238467301992,1
0.15880968717952998,0.38684714363367356,1
0.6612892217689799,0.7586845579240571,0
-0.24718982003256548,-0.9135652381794701,0
0.5416589012342016,-0.020471861757587854,1
0.9121567389043008,-0.39136844688879036,0
0.49752309473863215,0.7865307233677633,0
-0.7882633596031887,-0.6873892534583723,0
-0.3492826508922519,0.8308820706636013,0
0.08740114049763324,0.4886122460415553,1
0.5912641902745649,-0.8541377561411939,0
-0.9737315379539271,-0.21459531327002399,0
0.3264450932183733,0.4109410411257913,1
0.45890189917853924,0.15986579083365882,1
0.6116817786163077,-0.7800277972335522,0
-0.13376680737450095,-1.0352658726975854,0
0.038158668275088826,0.490729324955152,1
0.5563711898096677,-0.2252781553251849,1
-0.5352533428656973,0.020624173429863474,1
0.08710212630346412,-0.46837658153513706,1
0.05940048738775397,-0.4166078717686282,1
0.49932265921127084,0.8048656500988801,0
-0.7676425335329071,-0.5549051428985186,0
0.5097226428745162,-0.27005192546052725,1
0.05236367065691587,-0.5777329307993064,1
0.37227050647458926,0.3510800577924469,1
-0.20904854817055318,-1.066681480997542,0
0.45517668426999236,0.31748492057617606,1
-1.002637504322934,-0.06030454301421469,0
-0.8895365028942912,0.16569812587482582,0
0.39813412721627606,0.26019973980122424,1
-0.18308732269321815,-0.4236222031962693,1
0.16865892230127516,0.9394343577678004,0
0.8939166737736909,-0.538927149391712,0
-0.3984474489667724,-0.42915856202614094,1
0.16275663230115553,-1.0139445172075192,0
0.17700664385960746,-0.4607970644951651,1
0.12206496648989817,0.9676501196585015,0
0.44835323651652176,-0.04736450986325411,1
0.054924283653996,-0.9649212469850175,0
-0.7370353955532769,-0.5950540524932524,0
1.0301291586483534,-0.1318652231711349,0
-0.2224863008196719,0.43932449959129727,1
0.719736003382463,-0.8011301716799129,0
-0.3336413558676033,0.8215445205028443,0
-0.5904671054744546,-0.816290592542768,0
-0.6329695134430942,0.8523671527689387,0
-0.917382018297417,0.1366358161989336,0
0.5534895208123943,-0.07750359373790218,1
0.27854910954806106,0.44393470841699995,1
0.03411755033237128,-0.49541997572542135,1
-0.5509782245883809,-0.7085847620730376,0
0.04686492230045355,-1.0711819277679615,0
-0.874170762769477,0.44566308656733283,0
-0.44959341281379533,0.27070197713627686,1
-0.7136220292259455,0.6122560997236298,0
0.7763205630679002,0.7122738064728302,0
0.5507816259200109,-0.900745832761476,0
0.9765099759309553,0.37006714647986344,0
-0.049096663723871226,0.5029028437351472,1
0.5783545195423476,-0.8584781770429866,0
0.748348162175836,0.6320109960519104,0
0.8936814188900895,-0.1612268907679606,0
0.32338466023215484,0.28038486787693406,1
-0.33407644836580436,0.9435101244358043,0
0.41061887482561465,0.3875380337914941,1
-0.6017114122362691,0.7324409168430281,0
0.42668269865450215,-0.1246371140304382,1
-0.08158126750908667,0.5675540353053283,1
0.1528415384887408,-0.5094878690309053,1
-0.23429680734471295,0.47533937629386996,1
-0.59971363384249,-0.796404311297116,0
-0.45413166719378895,0.1516554720878691,1
-0.1910078143396226,-0.967437820890218,0
0.5794287952732468,0.8108728803645471,0
-0.1166510261482833,0.5156969916552435,1
-0.39453345827997877,-0.31552970431648447,1
-0.25328023766132146,0.35012359356580064,1
0.896140806466589,-0.30849183729390495,0
-0.8631376610780829,0.4744864960549437,0
-0.44274348443893574,-0.1292514820752556,1
0.20384528841604696,-0.46465044736065725,1
0.008414772463444471,-0.9869644112169914,0
-0.004526809891352672,-0.5510912093904438,1
-1.0155635558326923,0.30466876479572513,0
0.7165401115456047,-0.8132824218988978,0
-0.5099804328130255,0.8374838465293164,0
0.4900941376764655,0.28428339466865316,1
-0.6373303696062731,-0.825204088242606,0
0.22925537316829783,0.4811445314608128,1
0.362862883119989,-0.9408003287830202,0
-0.38033440428454507,-0.9360974637052654,0
0.6933670756658666,-0.7714325274336006,0
0.439876436494731,-0.8623367530628292,0
-0.4244091732879254,0.0059544133998514215,1
0.3093519542975316,-0.9219241114394175,0
0.814674095446148,-0.6557245209382696,0
-0.5339874728003438,-0.12300238181687904,1
0.48560801127619013,-0.21515353624055655,1
0.3431303350728122,0.8982564904111323,0
0.2914731436311562,-0.3929545807051759,1
0.36643565297108305,0.9316877696795173,0
0.22716884934545825,-0.44718189903591415,1
0.1981933169989366,-0.48288499628835624,1
-0.7236463089549799,0.7916915889476881,0
0.010381011457122325,0.9928615506789347,0
0.02726580996741791,-0.3716512604902693,1
0.24320442220694705,0.4384290822317147,1
-0.06496912063544165,0.4866320086264094,1
-0.05825465918380971,-0.48828172636992134,1
-0.8611228281577727,0.5866341753529029,0
0.9267302750337916,0.30969479012897433,0
-0.19353816650865657,0.4698312194062223,1
0.9816546047201471,-0.10262230463943764,0
0.3059716554975063,1.035904367335946,0
0.42717759781425313,-0.03903311296284929,1
0.9396433533538263,-0.420177101137745,0
-0.8214519335584323,-0.6375304706324133,0
-0.4993610322333206,-0.7887679095143467,0
0.379644494646265,-0.3258609822974334,1
0.18427440896095226,0.45447036229121957,1
-0.2678423671565868,0.9970509716133773,0
0.02463816900513352,0.49119982260395206,1
-0.048957037407300834,0.4668779826236446,1
-0.6380856839883662,0.8784943451252255,0
0.4087430450936797,0.9331704796112044,0
0.3882008474556148,0.3509031581610449,1
-0.2030979851800155,0.4434657017906199,1
0.2422206845290707,-0.41066247711817266,1
0.6187237960258869,0.7928331430371752,0
-0.5127049411015426,0.9007313695587124,0
-0.40924155299205944,-0.19926787328005963,1
-0.7678729404460968,-0.5883642805550533,0
-0.06853378747487497,0.5522135006322351,1
0.39041185477577356,-0.9530491829295948,0
-0.23400796395980017,-0.48377240232676055,1
-0.2636762333479826,-0.43774339529241435,1
-0.3156501177128658,-1.0123951955226658,0
0.9171383813538796,0.28923574968208154,0
-0.1139968417193671,-0.46606841102820085,1
0.5646425073460855,0.1793927488329316,1
0.45159069583066724,0.19714856696476807,1
-0.36677408807339745,-0.3638219510631471,1
0.4804190839013455,-0.15374714076362736,1
-0.4826110379544702,-0.876340946226425,0
0.19915006216754805,0.4353668382937139,1
-0.21929851768082304,-1.0289741286883551,0
-0.9625879514610075,-0.2584880054917233,0
0.3421336278769973,0.30981742162472825,1
0.8654791799058703,-0.39003675756607864,0
0.3511622580597416,-0.335640611650535,1
-0.42657401098260683,-0.09358785186345275,1
-0.23514757042669004,0.5762112653133884,1
0.4839246714788634,0.06529361444285722,1
0.3565823793374299,-0.38097498273618186,1
-0.04641010524773359,-1.013166435651691,0
0.10791203693249105,0.8750387045941925,0
-0.8735282597509265,-0.4733758150370111,0
-0.1388901547953696,1.0419070180909416,0
0.007173635329757136,0.5015138171424587,1
-0.5379060956006128,0.17437253654743096,1
-0.37382754877650015,0.34299155560352773,1
0.8209881687228922,0.5990068266735655,0
0.8687196880485409,0.4201025592972513,0
0.5591672814332749,0.7947873848173288,0
-1.0130688943092507,-0.09901830028290531,0
0.5108706580501539,-0.07229187565435305,1
-0.2930309746936501,-0.2090892904232315,1
0.2769595966061485,0.3891935498734891,1
-0.35113171403061877,-0.4501880012004143,1
0.48295434008465415,0.23133071292525287,1
0.5060334332026898,-0.1162863556829913,1
0.288755262735196,-0.9499940562771848,0
0.0520924162377838,-0.9958130994140232,0
-0.2031652672190051,-0.4846665193341543,1
-0.17043299385061392,0.9047938090889331,0
0.501718838061158,0.8383847229533639,0
0.4272126642755554,0.21519911864217411,1
-0.8342252859177466,0.3822517505407199,0
-0.03942941902694051,0.5118961770943978,1
0.5331801425878547,-0.7822900807002386,0
0.9337764019632693,-0.052988635799458346,0
0.31123102472353925,0.5322529093277583,1
0.9764332802725024,0.06377084326323904,0
-0.7330645573226919,0.6144458193912927,0
-0.4553347249119143,0.09786277072783868,1
0.36618150155336554,-0.3807162122163358,1
-0.5088834833176822,0.15230079929895327,1
-0.5316990490906275,0.15500543326908334,1
0.9705594068318091,0.2592628559278991,0
-0.21818317282576302,0.4351717952095166,1
-0.3796921464863275,0.19286414516070524,1
-0.2445064258052173,1.0668557612644072,0
0.1981159622891602,-0.9904368970314771,0
-0.549034219505964,0.8024361360416874,0
-0.3170303758907267,-0.5223018727136435,1
0.7844912235554976,0.7442448054658372,0
-0.4781110719004855,0.8406669340588158,0
0.20738217745622745,0.4373871349767816,1
0.503183658191283,-0.09137545304054555,1
-0.5777500380353174,0.13302410272566387,1
-0.7632776884883383,-0.6912553904458577,0
0.18801303145649886,-0.344906466038059,1
-0.1939206635820628,-0.43553726874706644,1
-0.42132419329476495,-0.11330528574535262,1
-0.4194650558320431,-0.3561199948486402,1
0.2074790631633195,-0.5170865535043813,1
-0.39912653058618314,-0.3296343135733092,1
0.10748411422248803,0.5956339786849185,1
-0.92254335816283,-0.3629662044595351,0
0.4711667672460753,-0.22873871960969547,1
0.25893909470004084,-0.4586577405027402,1
-0.9252981677395337,-0.3029057552188898,0
0.3195876301627404,-0.34664823751768714,1
0.42592333027798085,-0.1820167753624207,1
0.011109785649527554,-0.5694945818666626,1
-0.3186241720309569,0.3426305866126279,1
0.19187207435033182,-0.4844662089813072,1
0.7477992020958237,-0.7777425273940447,0
-0.40812132208021684,-0.27059955388705,1
0.16514824710810178,0.9087735618961252,0
0.5062159082651807,0.08250763530089796,1
0.49378574399120595,0.16981628142679125,1
0.35708159958781793,0.2520287246669509,1
-0.5057762715064082,-0.13235629837584564,1
0.7774518338682818,-0.7349592491339271,0
0.7441221393605034,0.40185554760269115,0
-0.21006592334166663,-0.9673548701577572,0
-0.09461254703660371,0.387947537604363,1
0.4185863300556827,-0.15703901159147204,1
0.4193625899568988,-0.2644560045750119,1
-0.41559527334941343,-0.13996042145985874,1
0.29791917573715176,-0.4293022399274192,1
-0.5622653951354492,-0.05311132082944149,1
-0.3483813042637876,0.9705248158609737,0
-0.6159813717274157,-0.8242674592336692,0
0.7276780802343827,0.7016285828598128,0
-0.3810448343816849,0.27279698792147067,1
-0.4717734899422747,0.40040987438274495,1
0.22842099915753322,0.44652231353355054,1
-0.9136740463322801,0.4217120209618983,0
-0.9374820694181282,0.18596950489550187,0
0.26502057530383955,-0.2659446088083725,1
0.1405621047495317,-0.4720632039569043,1
0.09735321135066166,-0.4031786040842787,1
0.1258959797427526,0.5635412817700307,1
-0.4575721154706581,-0.14879431793317507,1
-0.5198321025527084,0.21211414032620435,1
0.402335778255023,0.4194774359070974,1
-0.34200473911663387,-0.4199305907207691,1
-0.968290298741713,-0.34426113696189475,0
-0.25703595047922256,0.9818133359954347,0
-0.7198304474437076,0.6789885571332811,0
-0.4749630544548441,-0.8531049035219183,0
0.40433766065130533,-0.2977625491687595,1
-0.4614227829159577,-0.14959033076977318,1
-0.4535500806412121,-0.8970777770247097,0
0.9139265960877786,0.45031668287576215,0
-0.32905345451709844,0.3390496157845825,1
0.9017329814051948,0.22267434386034196,0
-0.34982262349397125,-0.3828614622168718,1
-0.3980835285715927,-0.3586541945565425,1
0.5839932446741981,-0.07158848908577492,1
1.0260150705161535,0.042638761723791704,0
0.20383781244644666,-1.0821670506365162,0
0.2620082870609228,-0.38003083578120056,1
-0.4554285064019708,-0.2421461253201515,1
-0.11392190765700917,0.43186226786605364,1
0.4667713029246203,0.21503418849462547,1
-0.1518976714875411,1.0115793538322346,0
0.9039122364930129,-0.10485721890452687,0
0.22063574657513246,0.42454812698155076,1
0.6297632194974271,-0.7993060564112224,0
-0.21845410412573607,0.9869395452575764,0
-0.2730301944587732,-0.5019430061969956,1
-0.49410089438311994,-0.04453758035424391,1
-0.7547530229744455,0.5475851321639257,0
-0.03409397147361892,1.0055911922327423,0
-0.1460264010984436,0.4499419799840184,1
-0.29152904676473035,0.821197597199376,0
-0.4083957453385125,0.9525402295928599,0
0.2793481278928892,0.256423890541579,1
-0.4244310003276987,-0.12239339888539494,1
-0.9689251172267904,0.21322522945440103,0
-0.2175910664192469,-0.9978812519518945,0
0.17694897035788815,0.9831625971659815,0
-0.8735984416609942,0.5242599252974639,0
-1.0439104791565723,0.13370557796793586,0
-0.30339098448592267,0.36613969401242386,1
0.23783381115455154,0.45455240879287867,1
-0.5547136896725173,-0.07193576124359292,1
0.4536402265770194,0.1598908949866677,1
-0.4589698976888128,-0.271577680281327,1
-0.2678012743475173,1.019010735913707,0
-0.18937119940746122,-0.4920173247901304,1
0.9692843097042367,-0.0870531178977556,0
0.8880641085365867,-0.4348710905226627,0
-0.319844841262798,-0.3496549184884403,1
0.4629001691153575,0.054175613541397244,1
-0.13299168907184977,-0.4657055952210416,1
0.09210403918322285,-0.4658677195737055,1
0.5772005335094698,-0.8340376786740265,0
-0.984713003193155,-0.29008690439913193,0
-0.23706364728157997,-0.46574519459161184,1
1.0401184880231622,-0.12698246604273492,0
-0.23933091875576962,0.49939424618910117,1
0.43927011807059285,0.23991250765680555,1
0.9063275226113623,0.30209260863715215,0
0.7565857461937378,0.542320252206301,0
-0.7763271339858733,-0.5686211412993472,0
-0.1972565931986479,-1.0326332298838155,0
-0.10651829385362584,-0.47021127785994843,1
0.959720776646837,-0.2126011629704398,0
0.5111446297132346,-0.16700223786810584,1
-0.2293082247589421,-0.36398471778209485,1
0.39388529378887693,0.8935347533388545,0
0.3163960413687215,-0.9375916089320168,0
-0.16154594356207091,-0.8913747944017149,0
-0.4809793703921051,0.26783920185881704,1
-0.21536559368944233,0.5206711841016476,1
0.3019487778777005,0.41605519888581793,1
0.2656913919423971,-0.40578640385031217,1
-0.09367579979550253,-0.5707287830289549,1
0.223947001771837,-0.4915859174712407,1
-0.5724322987388977,0.2089147507043021,1
-1.0514307246759032,0.05068690746944052,0
-0.04063115912240953,-1.0356288657484247,0
0.5322539096838631,-0.03235925876264187,1
-0.3960551452132471,-0.2825405445860808,1
0.19995677806309659,0.4553328026755227,1
0.31496763835434066,-0.33288918287091085,1
0.4684336229424522,0.08344590158572852,1
0.23428040267720215,-0.5197207285589309,1
-0.904358436178717,-0.5080874259251087,0
0.40690477951411747,-0.8054282376018778,0
-0.7063264804260391,0.6652093619422818,0
0.43021575304665227,-0.14078969787189596,1
1.0400924106235614,0.13291612233297903,0
-0.042394480993393144,-0.4272383349285881,1
-0.5260314215104993,0.06015372207178541,1
0.3363558877332446,0.3192750582779405,1
-0.8269246787444924,-0.6082602711455904,0
0.7332444366524659,0.6517455064623999,0
-0.6630593639842921,0.7923225401061231,0
0.9334017277677956,0.34350595602533734,0
-0.9160343917214292,-0.45848839784536133,0
0.9035089623440618,0.2797502570775737,0
-0.11138689292938926,0.42079693569096877,1
-0.8184581081351829,0.4935982684174434,0
0.28972289165848764,0.428843425966946,1
0.8326890893335284,-0.5944761032662931,0
0.7999209594011638,-0.5948429442721148,0
-0.8220997768203943,0.40089325509399093,0
-0.46538373376187947,0.18434867148217565,1
-0.9417473907519325,-0.3361375364984235,0
-0.4021362514034692,0.3676730266082318,1
-0.5312851041044785,0.0979427744567821,1
0.06178490638796315,-0.4062802404425726,1
-0.47531200378662425,-0.19290154319293623,1
-0.3552111744596764,-0.32754713228353555,1
1.0577041390181214,0.033928591534910645,0
-0.8585797945171406,0.5208391846088535,0
1.032910044805742,0.03740626175716191,0
-0.3504750851478108,0.27626571661582366,1
-0.4208217584035691,-0.08737051038783702,1
-0.29786123618608984,-0.4087561633772332,1
-0.46434456470370467,-0.2924914777087598,1
0.9564667766363013,-0.04667295872703979,0
-0.31473057915691127,0.9491171471403841,0
-0.9840937475557118,0.2150302858843142,0
-0.2545718345317832,-0.3511315181706966,1
-0.42855134442352083,0.2858205198640576,1
-0.4013146195750519,-0.21650262141987098,1
-0.520315507936936,-0.13166283863287315,1
0.11224694162051894,1.0602113711805863,0
0.9793682729930329,-0.29531348809859603,0
-0.1841391071141462,-0.5335798553500324,1
0.3181527480946218,-0.35116408685544126,1
-0.7608200304858794,-0.6313624020580373,0
-0.4709199589587301,-0.0598154436294761,1
-0.5486990393821998,-0.8237613163838953,0
-0.06693465647441728,0.4742382095630926,1
0.46861498349011155,0.8800407859139583,0
0.08465958896868386,-0.5286380271632378,1
0.41743526226084127,-0.2596230186937136,1
-0.5335058463789587,-0.14104951156866824,1
-0.49181789993449004,-0.24572897069570251,1
-0.8317974091816865,0.5644623491024411,0
-0.961608842686416,-0.08071031140199686,0
-1.0857575435159272,0.15822279449832788,0
-0.9227199561709599,0.31213161696647074,0
0.45875516158973445,0.12251546153484677,1
0.5828534340248624,0.8358031526069069,0
-0.4953134541810427,0.004849450559694039,1
-0.9568708593733155,-0.5600086358299139,0
0.42856227031328475,-0.3115575691835831,1
0.6972837957103305,0.7713518096464603,0
0.4658000621779414,-0.23353709931645533,1
0.5525868207176913,0.7636894294997135,0
-0.011508235348182872,-0.48052381762484697,1
-0.15247303951475966,0.9510989611942652,0
-0.9987374005933475,0.025305481739874805,0
-1.0096320848072,-0.18877485227660876,0
0.14208429181875964,0.9818932602709065,0
-0.1709421189543573,0.9907311106395942,0
0.6671481531869722,-0.8401350469237843,0
0.5123554656635062,0.900401693053089,0
-0.35298713668996173,0.37272253313271425,1
-0.013404219880164228,-0.426497942401877,1
-0.4047370430252464,0.3248847953195472,1
0.23586013676174938,0.8702682067054751,0
1.0180082423203896,0.09139357442390132,0
0.6709116664433672,-0.7005955474256316,0
0.6521462943962978,-0.676301408804847,0
0.7165512846566623,-0.7596577661946526,0
-0.8717967460778301,-0.569459181222167,0
0.15832835855995672,0.9975299597700219,0
0.29285672406953106,-0.36981252010934434,1
0.9451188338541263,-0.23065111384171574,0
-0.12313773770255905,-0.5585387436627652,1
-0.2581644571413465,-0.3434558385815148,1
-0.3581294376504084,-0.48115918224424215,1
0.8009299676574746,0.5892585808606347,0
0.9226332713463097,0.06325822340528818,0
-0.2837804425364636,-0.8873325913431596,0
0.13325981447801932,0.5379975971583066,1
0.4913308516423945,-0.2150346128225219,1
-0.8695753209253576,-0.3360788940487436,0
-0.719040759397124,0.7538559912969102,0
0.15304234028670102,0.35447938342961155,1
-0.1396649396909628,-0.4944507927150262,1
0.14625447332388505,-0.9391512785633038,0
-0.07500287704389112,-0.5102147561475955,1
0.8298987292295656,-0.6455980399194569,0
0.4952640937460864,-0.8999800973729102,0
0.4495323966395365,-0.8783145134839067,0
0.8982219735908785,0.3447991550837364,0
-0.41533733306785375,-0.151304162828933,1
-0.3848795399188575,-0.2123097114133778,1
-0.672670255673983,0.759752035282426,0
-0.46676201915988325,-0.3012058546197332,1
-0.5543393205246097,0.7902184440319098,0
-0.9688083148478673,0.12040092232313494,0
-0.3916755455802634,0.37872636187177394,1
-0.08114398416760571,0.5575467336867475,1
-0.4616047233425329,0.17239916926107318,1
-0.49847395330012,0.10007405857703819,1
0.2693129506237365,0.5647810077213363,1
0.06152061604650079,-0.47647324812950065,1
0.8623081840384377,0.5314279908925902,0
-0.24024860777179888,0.4938645258682494,1
-0.29042433249885086,-0.3728528124951941,1
-0.9869847965886417,-0.003790090670471236,0
-0.8444909279046681,0.29609103430103095,0
0.43591081060108544,-0.0700974413042348,1
0.9338138154224389,0.24661228492719023,0
0.2911892274437595,-0.3907471919346785,1
0.46001571273298286,-0.41366663862983405,1
-0.4744094588578463,0.09675564157570167,1
0.006375008026475143,0.9706295503242622,0
0.979121111425118,0.048926191371489916,0
0.048259871507141026,-1.0705300120170709,0
-0.43517868722617875,-0.16652604345535998,1
0.28700058949983515,-0.4085268766110323,1
0.5595186870356091,-0.0006860702167474676,1
-0.431146230546558,0.16187538018523762,1
-0.2714061387711477,-0.38859014354272775,1
0.9946099272339655,0.09480863629061044,0
0.5008243411234052,-0.08587035294084919,1
0.28450132147222124,0.5353158090080623,1
0.8617278048851534,-0.45279919887512704,0
-0.1600461538031439,0.4156421193181617,1
-0.2544126116678184,0.9322835931527685,0
-0.3228577111873744,0.38753764734071255,1
-0.14921442590785955,-0.4697696413632003,1
0.4245172715847378,0.12339760638271874,1
0.16578273068158908,-0.4727884928358544,1
-0.9902192752592026,-0.10006110055985777,0
0.9741080209664712,-0.13509276692977695,0
-0.36704864180284635,-0.35619588789895423,1
-0.1656556373189798,-0.9856295559082224,0
-0.4465844703176902,0.8742132464532237,0
-0.4410750301841247,0.2868592227259512,1
0.3699872805717234,-0.3201296984277615,1
0.6105928646170602,-0.028069649176913757,1
-0.5563058468606189,0.2152753722447299,1
0.8837984180680697,-0.07966876787694364,0
0.08342456872334239,0.5014834179121196,1
0.47396906919034104,-0.38304426920541973,1
0.49720492948106265,-0.30610836652876017,1
0.6021870749335694,0.7215509780832812,0
-0.8974690012091241,-0.4246620021721563,0
-0.9766599029037313,0.528851809961379,0
0.30918559025741743,0.3215026945370577,1
-0.8460743146085751,0.6500078824966995,0
-0.2684142247271282,0.9074452777486929,0
-1.0123218347140488,-0.21634675731169148,0
-0.06433185019844868,0.5564018682731101,1
-0.8648347179003895,0.48113256523941855,0
-0.4107707470915092,-0.3746743637027713,1
0.31187091074578055,0.40815959991022444,1
0.5044715066546442,0.19975730176499742,1
0.6852943144438775,-0.8430421748358401,0
-0.7648935107278253,0.684599590384862,0
-0.8184405511611913,0.5912532990357111,0
0.37091045625807706,-0.5090454877931392,1
-0.5229191162632996,0.29394515133409,1
1.049902549127788,-0.2630295890341081,0
0.6213118032596503,-0.8397385775026112,0
-0.5083413451996383,-0.3626900901668598,1
-0.08138952533553714,-0.5168936525621641,1
0.30385376947829573,0.9277267546131446,0
-0.12365784923088353,0.5343201456030331,1
-0.38388142924851365,0.34172661947918154,1
0.6189910035866143,-0.82823915901001,0
0.8285604508200166,-0.5877653149968065,0
0.5265830111793313,-0.8710231097210811,0
-0.9743671475857827,0.2117493720984686,0
1.0850661615505897,0.08572130959184368,0
0.08840466660836664,-0.969867182215518,0
-0.3419659349610354,0.32823086097437487,1
-0.21441906898597995,0.41388909651559913,1
0.4543375096044133,-0.017759212836679906,1
-0.6268533241104686,-0.7814171143819347,0
0.7670723018199014,0.5188269834280244,0
0.8072515340891471,-0.5081470842381351,0
0.9863100624661579,-0.33166019533610036,0
-0.3685341362290458,0.3388739419913766,1
0.0769184119416007,-0.49222087219247956,1
0.7409234387364741,0.6779142556615068,0
-0.0583811798986985,0.5566421631827257,1
-0.18750699970043394,0.5275918790992135,1
0.9311387330277877,0.20551749814512676,0
0.3953762778347689,0.24125573344156084,1
-0.37097676993633566,-0.18607831192516666,1
-0.8713623596634401,0.49250369426868396,0
-0.19817996893864212,0.48490503632990267,1
0.2172950380023937,-0.9724662639198605,0
0.4064680525914955,-0.23053639186557637,1
-0.39148985201412506,0.934970146848025,0
-0.45516778848125433,0.22221308766404077,1
-0.06640920155342919,0.458735656099044,1
-0.07389526598673514,-0.8252705381537774,0
-0.3197308894518928,0.3666761330035595,1
-0.11817267949337486,-0.998401358191348,0
-0.919593374446004,0.1663812688801312,0
-0.003687794592045962,-0.46026945895734156,1
-0.3838566736887672,-0.9066805601439687,0
0.38516736919030997,-0.8836700349593039,0
0.3394778072510727,0.988917340991219,0
-0.5489890194501533,-0.07240527289496948,1
-0.18959122909943765,0.4171560421603626,1
0.2612312015952466,-0.4430384347123335,1
0.39267032613954,-0.2604141636894451,1
0.8301943501640698,-0.6058441086666572,0
-0.4359250762942954,-0.9007146078088825,0
-1.071101895453288,-0.10729519451490223,0
-0.2766722096543527,-0.5036030493859861,1
0.4147439563020606,0.16284701135801438,1
